,Nb_iterations,Results
0,50,3.2852903004679295
1,100,4.145051336649378
2,150,4.242200989694975
3,200,4.091735736113082
4,250,3.940405349394414
5,300,3.972744237244302
6,350,3.7580389877926197
7,400,3.5641715215861507
8,450,3.559933778517478
9,500,3.3793689830508185
10,550,3.343008925862929
11,600,3.3802069577179394
12,650,3.2320649273020163
13,700,3.1510140208590953
14,750,3.2627285779475272
15,800,3.2837068145948645
16,850,3.1610697442749336
17,900,3.1014349280920364
18,950,3.1493652165474657
19,1000,3.1609837767642186
20,1050,3.151042025553523
21,1100,3.136577229223723
22,1150,3.1765314678805256
23,1200,3.1698186854521446
24,1250,3.16737928661761
25,1300,3.146087773297755
26,1350,3.121036586525988
27,1400,3.173331123057274
28,1450,3.229514550179067
29,1500,3.277504402025375
30,1550,3.308897859564479
31,1600,3.313435798394888
32,1650,3.3224204120146643
33,1700,3.3419600080634506
34,1750,3.321890192934114
35,1800,3.337752527945638
36,1850,3.354480850134176
37,1900,3.32246848779571
38,1950,3.301280963930557
39,2000,3.3030759093646567
40,2050,3.2810044146077812
41,2100,3.2809786160296652
42,2150,3.245870753153205
43,2200,3.2379082017571865
44,2250,3.2311749398625227
45,2300,3.224715354480074
46,2350,3.2271049425616036
47,2400,3.2448625261834145
48,2450,3.2304394698819747
49,2500,3.220712137110541
50,2550,3.232456992904402
51,2600,3.222543477348324
52,2650,3.2374037161357196
53,2700,3.2272140748998255
54,2750,3.2390527513467084
55,2800,3.2637704714646576
56,2850,3.2488743885069367
57,2900,3.239158671896955
58,2950,3.2296989893924914
59,3000,3.2081765250268215
60,3050,3.205184965760892
61,3100,3.195445133456038
62,3150,3.1919743647080328
63,3200,3.2194548219182995
64,3250,3.2011283308464393
65,3300,3.2080561229226667
66,3350,3.21175932319587
67,3400,3.2110470096272374
68,3450,3.2121304071929027
69,3500,3.2180752019550805
70,3550,3.216369483725775
71,3600,3.205089706777435
72,3650,3.2081386676851995
73,3700,3.2005031722725423
74,3750,3.202855854990849
75,3800,3.191176129008598
76,3850,3.1907486881042173
77,3900,3.187777005960404
78,3950,3.183441147714303
79,4000,3.179798302395081
80,4050,3.1998445517596266
81,4100,3.2028006740669173
82,4150,3.2031674740687466
83,4200,3.2258597625733323
84,4250,3.219048102870715
85,4300,3.2381808272753556
86,4350,3.2412717509022726
87,4400,3.2277916038668493
88,4450,3.2219813086720674
89,4500,3.2244412914653684
90,4550,3.2445401471819744
91,4600,3.2502362235067017
92,4650,3.2390563286306957
93,4700,3.246019614204051
94,4750,3.2517229793133087
95,4800,3.2302668834539343
96,4850,3.2286062465151004
97,4900,3.2127906231130154
98,4950,3.2125014428410776
99,5000,3.2112516122621475
100,5050,3.2212584521322807
101,5100,3.215834618656037
102,5150,3.208236180344087
103,5200,3.207044184887596
104,5250,3.2034060365079333
105,5300,3.201760102981315
106,5350,3.1934353876557426
107,5400,3.194767784865427
108,5450,3.1980259470869044
109,5500,3.1860470302534036
110,5550,3.198466024735453
111,5600,3.213809445728826
112,5650,3.2290987612063438
113,5700,3.2342634385884037
114,5750,3.220213658751553
115,5800,3.2204526155957396
116,5850,3.21134466356311
117,5900,3.201288917620373
118,5950,3.202102954532005
119,6000,3.1950626177224852
120,6050,3.185021373818336
121,6100,3.194557923274202
122,6150,3.1933174272075973
123,6200,3.1936690734265825
124,6250,3.195393784920217
125,6300,3.2044729447534794
126,6350,3.2037344135536774
127,6400,3.1941994949260453
128,6450,3.2056259043052338
129,6500,3.218370176953977
130,6550,3.225190004740038
131,6600,3.2225123733970826
132,6650,3.22892150807805
133,6700,3.2406422024350845
134,6750,3.245475862892653
135,6800,3.2361231994399984
136,6850,3.2388411815636076
137,6900,3.2405173594307946
138,6950,3.2447214962018505
139,7000,3.2492391813257635
140,7050,3.242156042534688
141,7100,3.2399322531726553
142,7150,3.2384985054309845
143,7200,3.2443774486961376
144,7250,3.2440192634759177
145,7300,3.2456622027607933
146,7350,3.2459209263718387
147,7400,3.2429050648761306
148,7450,3.232727225350609
149,7500,3.2295427702502932
150,7550,3.2281274197186485
151,7600,3.2394170821648345
152,7650,3.2383607467348554
153,7700,3.237080821676314
154,7750,3.237974428817973
155,7800,3.245838195315939
156,7850,3.238644951135879
157,7900,3.2355544219300247
158,7950,3.2367878305716298
159,8000,3.2351350603281115
160,8050,3.233327222938611
161,8100,3.235023224926855
162,8150,3.2368590586905577
163,8200,3.239679119620727
164,8250,3.24259337128184
165,8300,3.2405218489979624
166,8350,3.2424183022302127
167,8400,3.2384459487189017
168,8450,3.2275043259974607
169,8500,3.2195008905592477
170,8550,3.219459210263257
171,8600,3.2134485643724195
172,8650,3.2171347893887545
173,8700,3.2262450199442347
174,8750,3.216355822703822
175,8800,3.219245191788057
176,8850,3.2181724202448025
177,8900,3.2188643325967603
178,8950,3.2259300704272076
179,9000,3.2317942108000333
180,9050,3.2309200775296514
181,9100,3.230954411812144
182,9150,3.2376121794939055
183,9200,3.240483442697552
184,9250,3.241719320634851
185,9300,3.2355404163765242
186,9350,3.236781016651398
187,9400,3.239216084745037
188,9450,3.240983447881444
189,9500,3.240004814803283
190,9550,3.251504255789696
191,9600,3.2504176283158914
192,9650,3.251030895927348
193,9700,3.2511667584182815
194,9750,3.2593191489634026
195,9800,3.257511115636316
196,9850,3.2623427173236643
197,9900,3.2661224619623193
198,9950,3.259266781834035
199,10000,3.2634281372619847
200,10050,3.26420079108649
201,10100,3.256306463796375
202,10150,3.254890545638428
203,10200,3.258638383971538
204,10250,3.262752771370896
205,10300,3.2632542625965155
206,10350,3.258986423040619
207,10400,3.2597606843213196
208,10450,3.2552378025686903
209,10500,3.25606402952603
210,10550,3.2576285425305773
211,10600,3.258025005245218
212,10650,3.2526517070303425
213,10700,3.2459351771207974
214,10750,3.236733638091711
215,10800,3.2392502783557706
216,10850,3.23905054520931
217,10900,3.239204279392167
218,10950,3.236811899644351
219,11000,3.2302896615714616
220,11050,3.230806323979665
221,11100,3.2274115524031366
222,11150,3.2330050428349675
223,11200,3.2372907341039867
224,11250,3.2341415016694643
225,11300,3.230217360514832
226,11350,3.230437117338363
227,11400,3.231682053608023
228,11450,3.2389457110553224
229,11500,3.2408617650288516
230,11550,3.2377558888595375
231,11600,3.2393335890453177
232,11650,3.233933979467571
233,11700,3.2341007838640676
234,11750,3.2327762917103926
235,11800,3.2347658511480875
236,11850,3.236526673516652
237,11900,3.2370700097983005
238,11950,3.2418092022260603
239,12000,3.245506930910166
240,12050,3.2448604945889357
241,12100,3.2453229823371896
242,12150,3.2479131982527103
243,12200,3.251374792713494
244,12250,3.2483460890914806
245,12300,3.2469181203628703
246,12350,3.2436410395886717
247,12400,3.2469233308673218
248,12450,3.2511675262085844
249,12500,3.2529064894193476
250,12550,3.2488860469017418
251,12600,3.249912188255769
252,12650,3.2485856409071445
253,12700,3.2468436222796506
254,12750,3.2454441229132143
255,12800,3.2430956214081084
256,12850,3.2392477771915114
257,12900,3.2378512130188057
258,12950,3.2387958745834546
259,13000,3.235696060431351
260,13050,3.230965445755585
261,13100,3.229900921050598
262,13150,3.2330468357765247
263,13200,3.2284602191361182
264,13250,3.2295234720420227
265,13300,3.227770460568836
266,13350,3.2260279908229372
267,13400,3.218729991971533
268,13450,3.2261666858393774
269,13500,3.225224794174549
270,13550,3.2272541374779826
271,13600,3.2276637487580877
272,13650,3.2244597918703986
273,13700,3.2238004965598566
274,13750,3.2267423932968486
275,13800,3.2239818203822246
276,13850,3.223802212847863
277,13900,3.2180189351150403
278,13950,3.22172283621156
279,14000,3.2275006875135563
280,14050,3.2291946065468915
281,14100,3.2251778278512475
282,14150,3.221818178038473
283,14200,3.2253675471248067
284,14250,3.2243019144936786
285,14300,3.2217409851568246
286,14350,3.2223227204973695
287,14400,3.2269043624982623
288,14450,3.2311101664945965
289,14500,3.228557643020915
290,14550,3.2261471925889404
291,14600,3.2290060676372194
292,14650,3.225562720269782
293,14700,3.2260523316094742
294,14750,3.232451553799788
295,14800,3.235057989996331
296,14850,3.2384650171329263
297,14900,3.2377618759602425
298,14950,3.241041633813252
299,15000,3.2408388828134878
300,15050,3.240367608519694
301,15100,3.2407276023411127
302,15150,3.23840977905389
303,15200,3.23542914119566
304,15250,3.2360749239888302
305,15300,3.2340247003070997
306,15350,3.233640627812263
307,15400,3.2359760812062603
308,15450,3.231979383444276
309,15500,3.2325757457792776
310,15550,3.2285053681510716
311,15600,3.2265766894324828
312,15650,3.2278774733001963
313,15700,3.2350203070765753
314,15750,3.2374355371360304
315,15800,3.238953170781677
316,15850,3.24134081636909
317,15900,3.2401898799680398
318,15950,3.238947254460703
319,16000,3.235625736933352
320,16050,3.237692577943358
321,16100,3.235361947978119
322,16150,3.2385475986368535
323,16200,3.23879419774669
324,16250,3.241778758259826
325,16300,3.244182101046475
326,16350,3.241699500895823
327,16400,3.2438426474557076
328,16450,3.242597088274403
329,16500,3.245975514066302
330,16550,3.2487126363054064
331,16600,3.2472197260562305
332,16650,3.246670258714582
333,16700,3.2489165589481517
334,16750,3.253544640044054
335,16800,3.248792969553672
336,16850,3.2476013585359262
337,16900,3.248474077698413
338,16950,3.2515592656525794
339,17000,3.255388726142927
340,17050,3.2546363251931325
341,17100,3.2509896065584862
342,17150,3.2530318633828723
343,17200,3.256303292992946
344,17250,3.2570326755057364
345,17300,3.2558334193747904
346,17350,3.2602065865658556
347,17400,3.2584104600753623
348,17450,3.2590571951940057
349,17500,3.2560307173641307
350,17550,3.2559685197993193
351,17600,3.2542555045862964
352,17650,3.248892118236349
353,17700,3.252831924348232
354,17750,3.2536116134223296
355,17800,3.253663210237707
356,17850,3.2554307207208213
357,17900,3.2617200976234955
358,17950,3.2612096111904334
359,18000,3.2622798525581036
360,18050,3.26129479812813
361,18100,3.26480876986845
362,18150,3.2681276446546557
363,18200,3.2641535884712534
364,18250,3.2618804093903515
365,18300,3.26104098596286
366,18350,3.264162106285465
367,18400,3.2669594620340128
368,18450,3.2621240572244403
369,18500,3.2612999506164453
370,18550,3.2603380059986793
371,18600,3.2622168827080134
372,18650,3.2593604986292566
373,18700,3.264354255703617
374,18750,3.2649747055604155
375,18800,3.2635765252097966
376,18850,3.2661787200692243
377,18900,3.26615600246556
378,18950,3.2632997508991908
379,19000,3.2616942462360625
380,19050,3.262308967249259
381,19100,3.2600477598700857
382,19150,3.257637363373629
383,19200,3.2560258880981685
384,19250,3.2587100272160856
385,19300,3.2568216194233623
386,19350,3.259380534332959
387,19400,3.25906732238225
388,19450,3.2561177726290613
389,19500,3.2550356724638476
390,19550,3.2546934432232018
391,19600,3.2550127190145437
392,19650,3.252648816532415
393,19700,3.2547277081810413
394,19750,3.253711324390702
395,19800,3.253406386578942
396,19850,3.253760917741582
397,19900,3.2500321666501524
398,19950,3.2503685555480155
399,20000,3.248705705690472
400,20050,3.2509516198295274
401,20100,3.251642318260589
402,20150,3.250514209919213
403,20200,3.2517152412277794
404,20250,3.24842192742522
405,20300,3.2484797150794367
406,20350,3.246627844681779
407,20400,3.245499544737822
408,20450,3.245101847035453
409,20500,3.2425120532783027
410,20550,3.2431112237409185
411,20600,3.2451214709136758
412,20650,3.245979260951981
413,20700,3.2466766776193086
414,20750,3.2448388591806694
415,20800,3.2446868122258037
416,20850,3.244597170743421
417,20900,3.2426900689533045
418,20950,3.2425620890755598
419,21000,3.2444362646491984
420,21050,3.242269585899016
421,21100,3.243048706401848
422,21150,3.243397338634478
423,21200,3.2413191852825154
424,21250,3.2393155705520456
425,21300,3.2397159251833436
426,21350,3.238268664988019
427,21400,3.238347314661962
428,21450,3.2375491935459464
429,21500,3.2398490453881377
430,21550,3.238142194575212
431,21600,3.240618721102175
432,21650,3.2401609459209286
433,21700,3.2391399337945055
434,21750,3.23787130543465
435,21800,3.2379649379059567
436,21850,3.236314406840283
437,21900,3.2354048787251974
438,21950,3.2342587269464182
439,22000,3.2326649848712528
440,22050,3.2325450195169596
441,22100,3.2334234116521943
442,22150,3.2353201613675586
443,22200,3.235606711541294
444,22250,3.234871229393118
445,22300,3.237937860671619
446,22350,3.2382411759117145
447,22400,3.236532883324607
448,22450,3.2376994411278726
449,22500,3.2351591743942074
450,22550,3.232131514419794
451,22600,3.2296163752851066
452,22650,3.2303085400185334
453,22700,3.229763482117403
454,22750,3.233026803359629
455,22800,3.2317193204723447
456,22850,3.2307122761936222
457,22900,3.229545545825522
458,22950,3.2294431760815874
459,23000,3.2286138439663508
460,23050,3.2284201250711666
461,23100,3.2298582300978644
462,23150,3.2311597800641514
463,23200,3.2314563656086666
464,23250,3.231560559800944
465,23300,3.2308862455092724
466,23350,3.2314594869024265
467,23400,3.2302979984609896
468,23450,3.2288331607623766
469,23500,3.229740906471866
470,23550,3.2279960073906286
471,23600,3.2232516323059466
472,23650,3.2240259514726675
473,23700,3.226124652402464
474,23750,3.225704160791989
475,23800,3.221529739807308
476,23850,3.223049723995738
477,23900,3.2237490051355278
478,23950,3.2221023987708173
479,24000,3.224832769831886
480,24050,3.2221342562178354
481,24100,3.2211689817023603
482,24150,3.221251503797054
483,24200,3.221339288868109
484,24250,3.220370924220275
485,24300,3.219701021670367
486,24350,3.217563238839157
487,24400,3.221159325488449
488,24450,3.222912916655235
489,24500,3.2236134362242046
490,24550,3.22419345049918
491,24600,3.226293626241202
492,24650,3.2256787078544136
493,24700,3.2244813658348677
494,24750,3.2243200551011193
495,24800,3.2247760721977747
496,24850,3.2237723914392586
497,24900,3.2240522995857934
498,24950,3.2234636105950223
499,25000,3.2234919556093815
500,25050,3.2253102752130465
501,25100,3.2264692497784657
502,25150,3.2249909493700266
503,25200,3.2273838867954896
504,25250,3.228333431910187
505,25300,3.2276585694273345
506,25350,3.226635849835302
507,25400,3.225480151719763
508,25450,3.2267063027711558
509,25500,3.226923996489388
510,25550,3.225585204754772
511,25600,3.2231781909861055
512,25650,3.22447675940015
513,25700,3.222967298031569
514,25750,3.22455785491284
515,25800,3.2242963584031252
516,25850,3.225801468068691
517,25900,3.224222107782342
518,25950,3.222245955338655
519,26000,3.21999934198859
520,26050,3.220054748196015
521,26100,3.219647170478408
522,26150,3.2183058011047097
523,26200,3.22009840538101
524,26250,3.218252731161672
525,26300,3.216692134434074
526,26350,3.214396039113131
527,26400,3.215550852505005
528,26450,3.2181008484411455
529,26500,3.219183433450525
530,26550,3.219833811602229
531,26600,3.2199299091696814
532,26650,3.218496631404557
533,26700,3.219287471803915
534,26750,3.217902804170095
535,26800,3.2172789709373313
536,26850,3.215564425687481
537,26900,3.2143114305398788
538,26950,3.216669606073894
539,27000,3.2170236628547846
540,27050,3.217606774333456
541,27100,3.216663745507189
542,27150,3.2159305987208566
543,27200,3.2144983356584196
544,27250,3.2148511575540017
545,27300,3.218515288314834
546,27350,3.2201674121132293
547,27400,3.220922385888601
548,27450,3.2205297506652246
549,27500,3.219538725420413
550,27550,3.2179732007074566
551,27600,3.218428287827091
552,27650,3.2181834031544425
553,27700,3.2179200722886643
554,27750,3.219738825073286
555,27800,3.2206935674745365
556,27850,3.220518444925325
557,27900,3.222884795192892
558,27950,3.222667933780261
559,28000,3.2210309024257393
560,28050,3.218912047638705
561,28100,3.219589826052627
562,28150,3.2189156341841634
563,28200,3.219376365732187
564,28250,3.222204089488378
565,28300,3.2237435652564628
566,28350,3.2233019541172028
567,28400,3.223547015492442
568,28450,3.2236492950046274
569,28500,3.222592913040729
570,28550,3.219821546549959
571,28600,3.2223329671833665
572,28650,3.2228460350122847
573,28700,3.221906006652674
574,28750,3.2227272239196836
575,28800,3.2226502657370286
576,28850,3.222072216184168
577,28900,3.221572856988814
578,28950,3.2206885011039357
579,29000,3.2201227630005325
580,29050,3.217929659607282
581,29100,3.218290436428569
582,29150,3.2203302843769026
583,29200,3.219516846419491
584,29250,3.221234305435304
585,29300,3.221689876746512
586,29350,3.2204330714085323
587,29400,3.221400901974183
588,29450,3.2207615619846033
589,29500,3.220111146298094
590,29550,3.2200556202887567
591,29600,3.219397347101403
592,29650,3.220981818289739
593,29700,3.2211161570885385
594,29750,3.2205203135408427
595,29800,3.221212638024925
596,29850,3.219978099593783
597,29900,3.221272335594984
598,29950,3.220635188329502
599,30000,3.219199809950841
600,30050,3.2182657541069757
601,30100,3.21776432904025
602,30150,3.2175995462823748
603,30200,3.219110519537239
604,30250,3.21755088527411
605,30300,3.21905844636566
606,30350,3.217876334385927
607,30400,3.217288865485369
608,30450,3.2159470474074223
609,30500,3.2149637423300654
610,30550,3.2125436677150394
611,30600,3.2130051693591817
612,30650,3.2124624291035415
613,30700,3.214140096026601
614,30750,3.212906265055826
615,30800,3.212302107557253
616,30850,3.215452284158529
617,30900,3.2139494988824655
618,30950,3.217622413635656
619,31000,3.2156997359704658
620,31050,3.2171572553611063
621,31100,3.2165860424059805
622,31150,3.218497120350287
623,31200,3.2215479935483256
624,31250,3.2217516912654345
625,31300,3.2214983599039124
626,31350,3.2215798211456366
627,31400,3.2234916679658205
628,31450,3.221625218434692
629,31500,3.221955619118951
630,31550,3.2196664678868943
631,31600,3.219774186727053
632,31650,3.2205315180053584
633,31700,3.2208182863159323
634,31750,3.21981441901709
635,31800,3.2183094058924233
636,31850,3.2182106769350085
637,31900,3.2159111185528
638,31950,3.2180393765285014
639,32000,3.2180481990582086
640,32050,3.217509919571241
641,32100,3.219110605493213
642,32150,3.216051679350039
643,32200,3.217054056561116
644,32250,3.215705597293212
645,32300,3.2150078097276364
646,32350,3.2158122091034147
647,32400,3.2146515917692993
648,32450,3.2151004424115652
649,32500,3.2145952122359085
650,32550,3.2146957072992506
651,32600,3.2141923027918535
652,32650,3.214066145739157
653,32700,3.2133471611427287
654,32750,3.2133186072747795
655,32800,3.212841707684748
656,32850,3.212451379330827
657,32900,3.2112990230979364
658,32950,3.211458677269052
659,33000,3.210443699198553
660,33050,3.2088373085569812
661,33100,3.2086453535463746
662,33150,3.2073582975306847
663,33200,3.2063621731666565
664,33250,3.205521876123645
665,33300,3.204196543632193
666,33350,3.2038786350349295
667,33400,3.2047567400973747
668,33450,3.2056909556804665
669,33500,3.206430643500191
670,33550,3.2079527559711427
671,33600,3.2053431852683874
672,33650,3.204859412411649
673,33700,3.202262470077286
674,33750,3.2037193851327768
675,33800,3.2031332419790344
676,33850,3.2005575826891395
677,33900,3.203303272615693
678,33950,3.202182980701425
679,34000,3.20080564560603
680,34050,3.2006355372235076
681,34100,3.2010955591416126
682,34150,3.200446975913322
683,34200,3.20015719465862
684,34250,3.1996492661039873
685,34300,3.1997671839981012
686,34350,3.198940953715465
687,34400,3.199058827500795
688,34450,3.1985973494937987
689,34500,3.197735216172019
690,34550,3.197278562984636
691,34600,3.1979681704006575
692,34650,3.1978989322324107
693,34700,3.1971776891871646
694,34750,3.1969755424475728
695,34800,3.195989882242107
696,34850,3.19554685717829
697,34900,3.195871338854668
698,34950,3.1936261128547883
699,35000,3.195726347942832
700,35050,3.195980440528999
701,35100,3.193737293088806
702,35150,3.194986134058873
703,35200,3.195566826062672
704,35250,3.195684101053244
705,35300,3.1965991476368227
706,35350,3.196387435123512
707,35400,3.1969980366272965
708,35450,3.197207561492796
709,35500,3.1968628591095953
710,35550,3.196956357734681
711,35600,3.1962917602166283
712,35650,3.1965109881323213
713,35700,3.1977695857665176
714,35750,3.198877595347237
715,35800,3.199220205617791
716,35850,3.19905508300352
717,35900,3.1993593988508673
718,35950,3.198774747589199
719,36000,3.200266115966342
720,36050,3.200661912491693
721,36100,3.2017774464532542
722,36150,3.200478380452462
723,36200,3.199070626137967
724,36250,3.19665976511093
725,36300,3.1967976126704096
726,36350,3.196161043106295
727,36400,3.1971815056268142
728,36450,3.1977402667077253
729,36500,3.19758296682856
730,36550,3.1979443178142564
731,36600,3.1980384354827653
732,36650,3.1991803068256295
733,36700,3.1982818715689785
734,36750,3.1982021452066185
735,36800,3.196944063659309
736,36850,3.195614913175304
737,36900,3.194495574712759
738,36950,3.194436684379051
739,37000,3.194157947222438
740,37050,3.1936066714584115
741,37100,3.1945040188830682
742,37150,3.1944633565076055
743,37200,3.1962976756344776
744,37250,3.19667190734798
745,37300,3.196721942529299
746,37350,3.19710721969435
747,37400,3.1982406312095506
748,37450,3.19761673984394
749,37500,3.197016114150263
750,37550,3.197787371274221
751,37600,3.1985593634299527
752,37650,3.1991775454015
753,37700,3.19999054907466
754,37750,3.199991272279681
755,37800,3.201113459689523
756,37850,3.20158086296621
757,37900,3.2014424613590107
758,37950,3.202263812867271
759,38000,3.2025884565335447
760,38050,3.2025331982312664
761,38100,3.201321573165859
762,38150,3.200638575898264
763,38200,3.199710763178325
764,38250,3.199119633948692
765,38300,3.196957130808927
766,38350,3.1980004725894284
767,38400,3.1964171679930633
768,38450,3.1970275030303954
769,38500,3.196566469958228
770,38550,3.1964071321933596
771,38600,3.1982334250378424
772,38650,3.19898221600762
773,38700,3.199305597389874
774,38750,3.2006644238106823
775,38800,3.200663738872267
776,38850,3.201045990872767
777,38900,3.199731894139769
778,38950,3.197961533102826
779,39000,3.197045094700139
780,39050,3.1974710892114806
781,39100,3.196177538542955
782,39150,3.1961114399483384
783,39200,3.195657004291785
784,39250,3.1966092467583844
785,39300,3.196980917402988
786,39350,3.1974336184226617
787,39400,3.197419783596374
788,39450,3.1972041818176344
789,39500,3.1943522391963635
790,39550,3.193772295098927
791,39600,3.194671354098918
792,39650,3.1941970112850213
793,39700,3.1939880011399646
794,39750,3.193939184804699
795,39800,3.191428052233267
796,39850,3.1915875974423904
797,39900,3.1917990461031605
798,39950,3.1920107724923286
799,40000,3.1919243022515196
800,40050,3.1901446782603005
801,40100,3.1911000517541224
802,40150,3.1926549669121487
803,40200,3.1915726705506677
804,40250,3.1899555850461483
805,40300,3.189178578868046
806,40350,3.189883334174696
807,40400,3.1923227479181837
808,40450,3.192709224883488
809,40500,3.1936883820787307
810,40550,3.1937075184198838
811,40600,3.1928277790622213
812,40650,3.1920983288312295
813,40700,3.1917508549748335
814,40750,3.1916056056907274
815,40800,3.1914230244226593
816,40850,3.190644719501736
817,40900,3.19181465451286
818,40950,3.1909304012580444
819,41000,3.19162874523352
820,41050,3.190901631697569
821,41100,3.189900053792104
822,41150,3.189494422391865
823,41200,3.18882506838074
824,41250,3.1884261929454745
825,41300,3.1921849965764637
826,41350,3.1917277515107023
827,41400,3.191956280903823
828,41450,3.1916036094482205
829,41500,3.1912476170116393
830,41550,3.1906820347266582
831,41600,3.190927965062727
832,41650,3.1911921894746627
833,41700,3.1910941941620186
834,41750,3.1913150239628867
835,41800,3.1910336012870535
836,41850,3.1908451024846185
837,41900,3.190355320437505
838,41950,3.189908823880059
839,42000,3.1901470308020405
840,42050,3.189316764443157
841,42100,3.189812530971582
842,42150,3.1898987770484286
843,42200,3.189365428655777
844,42250,3.189347019769747
845,42300,3.188859345858523
846,42350,3.1879623657761322
847,42400,3.189232529743525
848,42450,3.18893302704976
849,42500,3.189339204767027
850,42550,3.189011728917125
851,42600,3.189089502283726
852,42650,3.187451140111675
853,42700,3.187395439831997
854,42750,3.1864806734767193
855,42800,3.187192657385242
856,42850,3.186360946148383
857,42900,3.187287021807954
858,42950,3.1886740062770635
859,43000,3.1905687221192935
860,43050,3.190023924205946
861,43100,3.189130651587314
862,43150,3.1877579958139917
863,43200,3.1867077278363274
864,43250,3.187149163782112
865,43300,3.1878120085656696
866,43350,3.187971281110636
867,43400,3.186862231025261
868,43450,3.18752410268346
869,43500,3.185648210314643
870,43550,3.185084158892634
871,43600,3.1848050353336705
872,43650,3.1850139890432834
873,43700,3.1864503499957832
874,43750,3.1872049010340806
875,43800,3.1866998474919437
876,43850,3.186341944873248
877,43900,3.186532626292354
878,43950,3.1865226330095187
879,44000,3.1871026635278836
880,44050,3.1868101514556453
881,44100,3.1868323046653453
882,44150,3.187328891964311
883,44200,3.1881154641558895
884,44250,3.1890001237556453
885,44300,3.1894109519531924
886,44350,3.1887416682403256
887,44400,3.189170564659908
888,44450,3.1895055990986183
889,44500,3.1883938709617428
890,44550,3.190585603700955
891,44600,3.1920013753510577
892,44650,3.1911042890734724
893,44700,3.1915118729727663
894,44750,3.191800922958556
895,44800,3.1932810389705093
896,44850,3.193526698394028
897,44900,3.1958561617907533
898,44950,3.194995109057096
899,45000,3.1959188506715024
900,45050,3.1957455035166644
901,45100,3.1960592324652395
902,45150,3.196544055896434
903,45200,3.197250186194287
904,45250,3.198131811330134
905,45300,3.198586456261813
906,45350,3.1993318307818184
907,45400,3.1993452497251416
908,45450,3.198581194078173
909,45500,3.2001161763162917
910,45550,3.200804058521474
911,45600,3.2006521619542863
912,45650,3.2014431229329685
913,45700,3.2012920658959794
914,45750,3.2023200544056505
915,45800,3.203407843242856
916,45850,3.2016529693239426
917,45900,3.202330553973786
918,45950,3.202501093241118
919,46000,3.202759012740531
920,46050,3.203717444323603
921,46100,3.2050284971127896
922,46150,3.205294518559465
923,46200,3.2044891506450677
924,46250,3.204090585525243
925,46300,3.203762755496414
926,46350,3.2043374894836942
927,46400,3.2061307618774055
928,46450,3.205646101292628
929,46500,3.204536855101593
930,46550,3.204525010105131
931,46600,3.202551708440257
932,46650,3.201706175278429
933,46700,3.2022025009141104
934,46750,3.2021044764838456
935,46800,3.2019873018833853
936,46850,3.200978250710917
937,46900,3.2016891579452547
938,46950,3.2012844336083113
939,47000,3.2011699666780937
940,47050,3.202638136737559
941,47100,3.201815449229645
942,47150,3.202054620559653
943,47200,3.2017561087261868
944,47250,3.201889393675222
945,47300,3.2014137121499506
946,47350,3.2007969909415697
947,47400,3.199462939091719
948,47450,3.200142660832202
949,47500,3.199971001797366
950,47550,3.200523827707431
951,47600,3.201294645200725
952,47650,3.2006913153382226
953,47700,3.200241792365975
954,47750,3.2014707360616286
955,47800,3.2003358937588144
956,47850,3.2031530170968163
957,47900,3.202376739949146
958,47950,3.2029147046250297
959,48000,3.2029917014557787
960,48050,3.2027500254159413
961,48100,3.2025229165979328
962,48150,3.2012121848813355
963,48200,3.2001225426563633
964,48250,3.200400489744989
965,48300,3.201556886965788
966,48350,3.202524049580802
967,48400,3.2026192021166993
968,48450,3.2025737817316293
969,48500,3.2023969267321184
970,48550,3.201589927171284
971,48600,3.2028581068601416
972,48650,3.204118540194138
973,48700,3.2052744542014913
974,48750,3.2063424670851504
975,48800,3.2072784490376502
976,48850,3.2075625075615193
977,48900,3.2077528625488347
978,48950,3.2064950248377753
979,49000,3.2076252965647254
980,49050,3.2075869203611256
981,49100,3.206407023704427
982,49150,3.2053119797884135
983,49200,3.2065617997873557
984,49250,3.20766855690116
985,49300,3.208167773206884
986,49350,3.207498849373637
987,49400,3.2068863433770978
988,49450,3.206577494312492
989,49500,3.2062091424311183
990,49550,3.2049479156583525
991,49600,3.2044521616885153
992,49650,3.204040799033178
993,49700,3.203447896258055
994,49750,3.2032552562348258
995,49800,3.2027303770890216
996,49850,3.2031855437282304
997,49900,3.203833064837918
998,49950,3.2028927153669806
999,50000,3.203264653545013
1000,50050,3.2045694008954597
1001,50100,3.2047574646846346
1002,50150,3.2043581135729933
1003,50200,3.20504878100619
1004,50250,3.2058050107042306
1005,50300,3.2069365796944367
1006,50350,3.2073259493150665
1007,50400,3.207863377804644
1008,50450,3.2082861976678756
1009,50500,3.2085615860859598
1010,50550,3.2087694162541163
1011,50600,3.208268334603236
1012,50650,3.2080805835558213
1013,50700,3.2073261304146516
1014,50750,3.2067367594857883
1015,50800,3.2076449897886565
1016,50850,3.2079117812031877
1017,50900,3.2084365607407133
1018,50950,3.208954184802261
1019,51000,3.2093150077368477
1020,51050,3.210040118791087
1021,51100,3.2101685521288217
1022,51150,3.2088790921797656
1023,51200,3.2095159529851447
1024,51250,3.208900691075846
1025,51300,3.209431147467943
1026,51350,3.2091553535486352
1027,51400,3.208293993465081
1028,51450,3.208214853631286
1029,51500,3.20817998551581
1030,51550,3.207092751011461
1031,51600,3.207976515304522
1032,51650,3.2075439157733125
1033,51700,3.208029353616227
1034,51750,3.2078937831149688
1035,51800,3.207931609930955
1036,51850,3.2069343905607193
1037,51900,3.2061793233385143
1038,51950,3.2066443270749727
1039,52000,3.2056764288329074
1040,52050,3.2051555379466445
1041,52100,3.2063572660887107
1042,52150,3.2061801415030655
1043,52200,3.206844603709706
1044,52250,3.2069561871794217
1045,52300,3.206067927634824
1046,52350,3.206618436054897
1047,52400,3.2068808017096866
1048,52450,3.2068757976246367
1049,52500,3.206678906084475
1050,52550,3.206292074340686
1051,52600,3.205020365635962
1052,52650,3.2044350169243305
1053,52700,3.2032418630180355
1054,52750,3.2036431015481166
1055,52800,3.2033466022167008
1056,52850,3.202179447899406
1057,52900,3.201608772736575
1058,52950,3.201430889476709
1059,53000,3.2011865106202797
1060,53050,3.2002536785825426
1061,53100,3.20056508438922
1062,53150,3.201654833418663
1063,53200,3.2011377484470143
1064,53250,3.2009621338781895
1065,53300,3.201117393781104
1066,53350,3.1996053444807773
1067,53400,3.1987868935884394
1068,53450,3.1998143684756766
1069,53500,3.2012693278309703
1070,53550,3.2015953315433916
1071,53600,3.2010625011156124
1072,53650,3.201016401628362
1073,53700,3.201524733241018
1074,53750,3.20094012517094
1075,53800,3.2007135167290994
1076,53850,3.1999906165300214
1077,53900,3.1996390446878706
1078,53950,3.19949808627974
1079,54000,3.200379938962578
1080,54050,3.200849087236266
1081,54100,3.2010423494343643
1082,54150,3.2007349959875326
1083,54200,3.200428669916861
1084,54250,3.1995237585956016
1085,54300,3.1996921307555874
1086,54350,3.2004333276904515
1087,54400,3.2004509736366273
1088,54450,3.202047662825071
1089,54500,3.20074388718307
1090,54550,3.1998340450446516
1091,54600,3.199676340125951
1092,54650,3.199109548074429
1093,54700,3.2003679302503536
1094,54750,3.1987455327165204
1095,54800,3.1976874238549438
1096,54850,3.1986194730295274
1097,54900,3.19837580822698
1098,54950,3.198386764121063
1099,55000,3.198836363469492
1100,55050,3.199805552819028
1101,55100,3.2020480376710556
1102,55150,3.2023488862173846
1103,55200,3.2019907842345803
1104,55250,3.2033434336348305
1105,55300,3.203199992643983
1106,55350,3.2017412747852094
1107,55400,3.2024267240273065
1108,55450,3.2019240458889238
1109,55500,3.2018635123552164
1110,55550,3.2014284694862973
1111,55600,3.2006840205441764
1112,55650,3.200156458268525
1113,55700,3.2003094687159797
1114,55750,3.19992303816168
1115,55800,3.2006527089543564
1116,55850,3.200900391673456
1117,55900,3.2012075755979907
1118,55950,3.202470163523098
1119,56000,3.2025535741846882
1120,56050,3.203092783540816
1121,56100,3.2023672580037577
1122,56150,3.2019687406476947
1123,56200,3.202242674207251
1124,56250,3.201777544524589
1125,56300,3.2020538273550185
1126,56350,3.2030131655620186
1127,56400,3.2025925093672254
1128,56450,3.201544281805217
1129,56500,3.201304023487139
1130,56550,3.201410464721964
1131,56600,3.2005756870378863
1132,56650,3.198826923148892
1133,56700,3.1984367751334593
1134,56750,3.199163876830042
1135,56800,3.1985827177432156
1136,56850,3.1993448899253947
1137,56900,3.2001603125610427
1138,56950,3.201378996635079
1139,57000,3.200525329775648
1140,57050,3.200328739645277
1141,57100,3.2013943355711283
1142,57150,3.2003406009195507
1143,57200,3.1992519159074155
1144,57250,3.1989888949282967
1145,57300,3.198124396704367
1146,57350,3.1977528902910954
1147,57400,3.1972403649153236
1148,57450,3.1972392570110912
1149,57500,3.1958580664064984
1150,57550,3.196557995722519
1151,57600,3.1968090311003476
1152,57650,3.1962880369711613
1153,57700,3.196835070588261
1154,57750,3.195670171268711
1155,57800,3.1961947287314323
1156,57850,3.19577949840566
1157,57900,3.195862150573421
1158,57950,3.1955620445487636
1159,58000,3.195879460026523
1160,58050,3.1958345646516335
1161,58100,3.1954114739422614
1162,58150,3.195246782839163
1163,58200,3.195095641994663
1164,58250,3.195382163363591
1165,58300,3.1969559460389436
1166,58350,3.19798254203948
1167,58400,3.19730304671676
1168,58450,3.197166014313087
1169,58500,3.197683603113528
1170,58550,3.198389926458514
1171,58600,3.1974686143541557
1172,58650,3.1978255239836364
1173,58700,3.197122544850982
1174,58750,3.1973214919685695
1175,58800,3.1982181413274002
1176,58850,3.198811520172844
1177,58900,3.197999987119906
1178,58950,3.197081745551365
1179,59000,3.196825205606509
1180,59050,3.1962655749103606
1181,59100,3.195998135053633
1182,59150,3.1952661496923636
1183,59200,3.196020339923628
1184,59250,3.19482595094922
1185,59300,3.195313330376761
1186,59350,3.195026598704598
1187,59400,3.1950607165042944
1188,59450,3.196187513851113
1189,59500,3.1959262637741843
1190,59550,3.196608772253409
1191,59600,3.19645425900774
1192,59650,3.1947662006665136
1193,59700,3.1954076170832693
1194,59750,3.195527446563735
1195,59800,3.19502673493886
1196,59850,3.1943878196889237
1197,59900,3.1949782085517264
1198,59950,3.1960673995610946
1199,60000,3.1970876255786793
1200,60050,3.196186975733261
1201,60100,3.195526068501931
1202,60150,3.1962506282097807
1203,60200,3.196167958389312
1204,60250,3.1955227682565353
1205,60300,3.196701316574161
1206,60350,3.196335436672079
1207,60400,3.1963413372729272
1208,60450,3.197009505052413
1209,60500,3.1963733953689175
1210,60550,3.195891204465304
1211,60600,3.1957008337897865
1212,60650,3.1966376159752325
1213,60700,3.196434899711791
1214,60750,3.1975284351146844
1215,60800,3.197026947963311
1216,60850,3.19565903191136
1217,60900,3.195499871358227
1218,60950,3.197197898673843
1219,61000,3.196640639250265
1220,61050,3.1967114850383798
1221,61100,3.196049396545239
1222,61150,3.1954636618815604
1223,61200,3.1954354079536227
1224,61250,3.195108849210686
1225,61300,3.19593024927793
1226,61350,3.196522774599722
1227,61400,3.196198169132924
1228,61450,3.195822260790832
1229,61500,3.19575049327064
1230,61550,3.195990280821563
1231,61600,3.196385725857303
1232,61650,3.196199020400765
1233,61700,3.19667077488493
1234,61750,3.195981908279007
1235,61800,3.1962920521966325
1236,61850,3.196684738364658
1237,61900,3.1982588418034568
1238,61950,3.199020275691302
1239,62000,3.198935987621578
1240,62050,3.1997234878010112
1241,62100,3.199514519721528
1242,62150,3.198901028231607
1243,62200,3.1989714869449073
1244,62250,3.199600736101648
1245,62300,3.199999319139239
1246,62350,3.2004437288975227
1247,62400,3.2004075275421835
1248,62450,3.199617963476414
1249,62500,3.1999451886607635
1250,62550,3.1999053509150155
1251,62600,3.2015778688766776
1252,62650,3.202469546752116
1253,62700,3.202512906604942
1254,62750,3.2018523925574005
1255,62800,3.201611716077981
1256,62850,3.202489763761086
1257,62900,3.2026078862844556
1258,62950,3.202653346192462
1259,63000,3.2029947338810345
1260,63050,3.2020514184787334
1261,63100,3.2027001555987162
1262,63150,3.20349936865121
1263,63200,3.203267680919462
1264,63250,3.2022586507355277
1265,63300,3.202161014462989
1266,63350,3.201078718530256
1267,63400,3.200632106758401
1268,63450,3.201075073113421
1269,63500,3.2021731166622143
1270,63550,3.2020828048862464
1271,63600,3.201230488053993
1272,63650,3.2010902165878945
1273,63700,3.20227778450872
1274,63750,3.201857022497525
1275,63800,3.2026682503484567
1276,63850,3.202495147116444
1277,63900,3.201813766447117
1278,63950,3.2014776684964614
1279,64000,3.200143454037645
1280,64050,3.1989517931930362
1281,64100,3.198355407844375
1282,64150,3.199479036389156
1283,64200,3.1998352586670538
1284,64250,3.2005218967389295
1285,64300,3.2011670545809148
1286,64350,3.20151418620541
1287,64400,3.201433625539457
1288,64450,3.2014894466840524
1289,64500,3.2015564964386414
1290,64550,3.201243433058215
1291,64600,3.201262634346117
1292,64650,3.2017559550828363
1293,64700,3.202054214368308
1294,64750,3.200952536272348
1295,64800,3.2013217123444035
1296,64850,3.2012361464843364
1297,64900,3.201908048671367
1298,64950,3.201384646791638
1299,65000,3.202682416985862
1300,65050,3.2032680006424115
1301,65100,3.20278532571668
1302,65150,3.202456404594099
1303,65200,3.2018961983030683
1304,65250,3.201264429022563
1305,65300,3.200974508967424
1306,65350,3.199361089707356
1307,65400,3.198614580286129
1308,65450,3.1989081182063006
1309,65500,3.19895034919576
1310,65550,3.1998771849419456
1311,65600,3.200495355228676
1312,65650,3.2006097793403696
1313,65700,3.2002818514803226
1314,65750,3.1999550488490236
1315,65800,3.200762260632156
1316,65850,3.1993928883721936
1317,65900,3.1998494910121433
1318,65950,3.1995271058973827
1319,66000,3.1993344301364215
1320,66050,3.199429369474347
1321,66100,3.1999903856861343
1322,66150,3.1997428600821403
1323,66200,3.1996483400161284
1324,66250,3.199755603002081
1325,66300,3.200224780175215
1326,66350,3.2001373312782357
1327,66400,3.1998345040156377
1328,66450,3.1991420139535105
1329,66500,3.199775048455708
1330,66550,3.201061742651423
1331,66600,3.200888897152651
1332,66650,3.2008415613062655
1333,66700,3.2003099603621505
1334,66750,3.200240475996322
1335,66800,3.2012255073971323
1336,66850,3.2014893461814617
1337,66900,3.2009064002344036
1338,66950,3.2006855573003685
1339,67000,3.201751872714443
1340,67050,3.2022723131840887
1341,67100,3.20177151436597
1342,67150,3.201422735547728
1343,67200,3.20124325680073
1344,67250,3.2007289326976296
1345,67300,3.2013114997071113
1346,67350,3.202676606997777
1347,67400,3.2017785337823694
1348,67450,3.2020960304350883
1349,67500,3.2025840731588318
1350,67550,3.203198588792694
1351,67600,3.203206975909828
1352,67650,3.203054107965746
1353,67700,3.203823436634323
1354,67750,3.2037740271067894
1355,67800,3.204129265150454
1356,67850,3.20369669514916
1357,67900,3.203762376326335
1358,67950,3.2043488673542107
1359,68000,3.203441517840366
1360,68050,3.2035680111927847
1361,68100,3.203268031843494
1362,68150,3.2031273094526376
1363,68200,3.2030024935188317
1364,68250,3.20252833154169
1365,68300,3.2016777582981026
1366,68350,3.2019889969623825
1367,68400,3.2013227419155186
1368,68450,3.2013170380812874
1369,68500,3.2003881719342764
1370,68550,3.2004543882513103
1371,68600,3.2007256725458793
1372,68650,3.2011452097778146
1373,68700,3.2017869298327337
1374,68750,3.2025838501958908
1375,68800,3.202655434488821
1376,68850,3.2036308273738916
1377,68900,3.203733873751518
1378,68950,3.2040430450019994
1379,69000,3.2034358144516197
1380,69050,3.202369351257735
1381,69100,3.2027353441564923
1382,69150,3.202576140143452
1383,69200,3.202631097781701
1384,69250,3.202253578197131
1385,69300,3.2027584553482153
1386,69350,3.2023469993966214
1387,69400,3.2026259389986502
1388,69450,3.2023472085062505
1389,69500,3.2020896887412698
1390,69550,3.2027161901956323
1391,69600,3.203300583899053
1392,69650,3.2030941179086434
1393,69700,3.2029910080070483
1394,69750,3.2029613488818005
1395,69800,3.2025078844526806
1396,69850,3.2016740753178405
1397,69900,3.2015068570116565
1398,69950,3.201930530642734
1399,70000,3.202347599338165
1400,70050,3.2017325931616107
1401,70100,3.2021308630857432
1402,70150,3.2020304133304247
1403,70200,3.202047791422832
1404,70250,3.201544227400998
1405,70300,3.2005006175012216
1406,70350,3.200941404146842
1407,70400,3.2007259965663386
1408,70450,3.2006187600296205
1409,70500,3.2014204326752527
1410,70550,3.2020036035420447
1411,70600,3.201877303516593
1412,70650,3.2015119608411684
1413,70700,3.2025372413674633
1414,70750,3.2027365789056503
1415,70800,3.2028766278952396
1416,70850,3.2026358029977056
1417,70900,3.203292708167457
1418,70950,3.204849599593798
1419,71000,3.204860702259845
1420,71050,3.2053914217718056
1421,71100,3.205507663372293
1422,71150,3.204641332912553
1423,71200,3.2043057740196006
1424,71250,3.204721805696576
1425,71300,3.204681993038074
1426,71350,3.20473954134913
1427,71400,3.204845924078874
1428,71450,3.205413825536798
1429,71500,3.205841688230117
1430,71550,3.205375663852283
1431,71600,3.2049602000110853
1432,71650,3.205402739980312
1433,71700,3.2051526609486065
1434,71750,3.204593314669412
1435,71800,3.2040314692549146
1436,71850,3.204730929570147
1437,71900,3.205907720935555
1438,71950,3.2058982625635655
1439,72000,3.2063843549252926
1440,72050,3.206902801804148
1441,72100,3.2068523549317582
1442,72150,3.2065312026651718
1443,72200,3.205879507003145
1444,72250,3.2062707334643887
1445,72300,3.2069655461805477
1446,72350,3.206690424700237
1447,72400,3.2062530728776295
1448,72450,3.205543529046652
1449,72500,3.205857323627313
1450,72550,3.2057658365579162
1451,72600,3.205688707229511
1452,72650,3.2059775337820295
1453,72700,3.2053193248532184
1454,72750,3.2046356180258933
1455,72800,3.204858376008374
1456,72850,3.2045352558519467
1457,72900,3.205631043362036
1458,72950,3.2056031390202584
1459,73000,3.204905485469021
1460,73050,3.2051915553148747
1461,73100,3.205885949944825
1462,73150,3.205230566939454
1463,73200,3.2051870927109247
1464,73250,3.2053743407613515
1465,73300,3.2067647921721623
1466,73350,3.2059394748708767
1467,73400,3.206955616661246
1468,73450,3.2073429988055984
1469,73500,3.2076062104712078
1470,73550,3.2073440806250817
1471,73600,3.207096907707353
1472,73650,3.2067622354852214
1473,73700,3.206336742012194
1474,73750,3.206109686418813
1475,73800,3.207099023486818
1476,73850,3.2067195207737598
1477,73900,3.206456981645373
1478,73950,3.206416930318446
1479,74000,3.2065398020976446
1480,74050,3.2052322486751548
1481,74100,3.205467900221569
1482,74150,3.2058639276848835
1483,74200,3.2045521911352557
1484,74250,3.205039399442385
1485,74300,3.2054984522590453
1486,74350,3.205473083769559
1487,74400,3.205803756554086
1488,74450,3.206538284416869
1489,74500,3.2070095158552117
1490,74550,3.2063128236909115
1491,74600,3.2065350435101543
1492,74650,3.2064348877006057
1493,74700,3.2064803295962743
1494,74750,3.2059479318065707
1495,74800,3.206183091752161
1496,74850,3.205818007644151
1497,74900,3.206289028097632
1498,74950,3.206818566909592
1499,75000,3.2068142416211565
1500,75050,3.20721008855099
1501,75100,3.205876617898316
1502,75150,3.205195044261926
1503,75200,3.205037753890607
1504,75250,3.206000050469556
1505,75300,3.2060991969552948
1506,75350,3.2056844097257935
1507,75400,3.2054469634341025
1508,75450,3.2056592175965135
1509,75500,3.2053879637490748
1510,75550,3.2054557269481454
1511,75600,3.2064448150527274
1512,75650,3.205943687533186
1513,75700,3.20659960356745
1514,75750,3.2066873134774108
1515,75800,3.207047728968619
1516,75850,3.2070374343620225
1517,75900,3.2064146097058823
1518,75950,3.206633491234149
1519,76000,3.207343875571706
1520,76050,3.207589253159515
1521,76100,3.2075407296872935
1522,76150,3.2068100806140567
1523,76200,3.2063895879776863
1524,76250,3.2066430501684584
1525,76300,3.207487929121138
1526,76350,3.2068050330967273
1527,76400,3.2066857898042107
1528,76450,3.20742615145944
1529,76500,3.2076190750249634
1530,76550,3.207768963212258
1531,76600,3.2080449731706953
1532,76650,3.2080019930100345
1533,76700,3.208042593736777
1534,76750,3.2085419346130353
1535,76800,3.207928935593854
1536,76850,3.2071226588785806
1537,76900,3.206991662105764
1538,76950,3.2069079951495554
1539,77000,3.206700225171061
1540,77050,3.207295840904893
1541,77100,3.206905694281062
1542,77150,3.2057771435441085
1543,77200,3.205863858501246
1544,77250,3.205434935894396
1545,77300,3.2053397522677027
1546,77350,3.2048112280345027
1547,77400,3.2051088122040805
1548,77450,3.2045128031236483
1549,77500,3.2045504898371195
1550,77550,3.2043863400431687
1551,77600,3.2037906054656724
1552,77650,3.203331443306791
1553,77700,3.2031483400131386
1554,77750,3.2026313167168805
1555,77800,3.2024538942093654
1556,77850,3.202656697789688
1557,77900,3.2023181013326654
1558,77950,3.2026683734955217
1559,78000,3.202412908786769
1560,78050,3.201728795198894
1561,78100,3.2015103706037493
1562,78150,3.2011790234072888
1563,78200,3.2010233122442195
1564,78250,3.2002064822692833
1565,78300,3.1996876550757536
1566,78350,3.2002496003589975
1567,78400,3.199957735779338
1568,78450,3.200974326564937
1569,78500,3.2005018711892173
1570,78550,3.1998293665133866
1571,78600,3.199971662259785
1572,78650,3.1995851405485984
1573,78700,3.1993973055120053
1574,78750,3.200084599387994
1575,78800,3.1998184509442305
1576,78850,3.1995947085532546
1577,78900,3.1996957587256087
1578,78950,3.199523712546428
1579,79000,3.198575084177569
1580,79050,3.199070118171361
1581,79100,3.198617715910373
1582,79150,3.1984494092933606
1583,79200,3.198849731549079
1584,79250,3.199512721897796
1585,79300,3.1993194876908144
1586,79350,3.1997945546607323
1587,79400,3.2001175929672914
1588,79450,3.2000385540485223
1589,79500,3.201208883419968
1590,79550,3.201531967959907
1591,79600,3.2012103295510856
1592,79650,3.201160305205313
1593,79700,3.2010687793053836
1594,79750,3.201045022578685
1595,79800,3.200501912294462
1596,79850,3.2001491091456695
1597,79900,3.199047527768426
1598,79950,3.1990244613841443
1599,80000,3.198854857714403
1600,80050,3.1990141337875904
1601,80100,3.1986885620521464
1602,80150,3.198991222659187
1603,80200,3.1990285934455374
1604,80250,3.1994724866789626
1605,80300,3.1989599732299623
1606,80350,3.2003232350294697
1607,80400,3.1997645015269733
1608,80450,3.199358386402739
1609,80500,3.199447056789225
1610,80550,3.199394718318154
1611,80600,3.1991243389910973
1612,80650,3.1998884185405783
1613,80700,3.1992533112580217
1614,80750,3.1984616068194525
1615,80800,3.198477047464377
1616,80850,3.1979967004902665
1617,80900,3.1982236579931635
1618,80950,3.198687745128483
1619,81000,3.1984897299461412
1620,81050,3.1984955343709753
1621,81100,3.1984840537620953
1622,81150,3.1989067934694524
1623,81200,3.1991921910210213
1624,81250,3.1991395080339977
1625,81300,3.1995607747593886
1626,81350,3.1995692254679793
1627,81400,3.1999977061646
1628,81450,3.1988785831006137
1629,81500,3.198669543987798
1630,81550,3.199032918591864
1631,81600,3.1986751114734275
1632,81650,3.199176193443078
1633,81700,3.1994471970857834
1634,81750,3.1989884798442354
1635,81800,3.199085316699349
1636,81850,3.198685201195256
1637,81900,3.1981595277887225
1638,81950,3.1980786970800503
1639,82000,3.1979472939047358
1640,82050,3.1979669843262686
1641,82100,3.197366747707532
1642,82150,3.197843205212963
1643,82200,3.1977088494356907
1644,82250,3.1979439292194227
1645,82300,3.198319037421405
1646,82350,3.198423415252215
1647,82400,3.1993327271844803
1648,82450,3.1988080196835424
1649,82500,3.198783391336575
1650,82550,3.198733125792287
1651,82600,3.1986302763833407
1652,82650,3.1991597035539203
1653,82700,3.198967348567053
1654,82750,3.200040672683897
1655,82800,3.1991937948367384
1656,82850,3.199166489918831
1657,82900,3.199339349996078
1658,82950,3.199497304247416
1659,83000,3.1995724390138705
1660,83050,3.2001969401833064
1661,83100,3.199925236648211
1662,83150,3.200326669163159
1663,83200,3.2016424164585313
1664,83250,3.2023708559872426
1665,83300,3.202500491717988
1666,83350,3.202809494961664
1667,83400,3.202670386205333
1668,83450,3.2022471999951043
1669,83500,3.202804014918463
1670,83550,3.2030164426301453
1671,83600,3.2039171661533485
1672,83650,3.2027915078214337
1673,83700,3.202756724328715
1674,83750,3.2019795869614507
1675,83800,3.2021253731081485
1676,83850,3.2030037650722214
1677,83900,3.203681681539181
1678,83950,3.2034489832004733
1679,84000,3.203386178862706
1680,84050,3.2031030221543144
1681,84100,3.2029943680607005
1682,84150,3.2029751466426615
1683,84200,3.2030728185366444
1684,84250,3.2028287734186622
1685,84300,3.2029690309134575
1686,84350,3.202647649623398
1687,84400,3.2019363712993294
1688,84450,3.202586324403419
1689,84500,3.202398743549053
1690,84550,3.2025618078740985
1691,84600,3.2023609556362964
1692,84650,3.201594259319772
1693,84700,3.201624544910242
1694,84750,3.2024514040315624
1695,84800,3.2025964287066446
1696,84850,3.2022558253796922
1697,84900,3.2020486995586435
1698,84950,3.201769079322544
1699,85000,3.2014429933426913
1700,85050,3.2010604438098174
1701,85100,3.200418414959489
1702,85150,3.200437279292674
1703,85200,3.2006220398967344
1704,85250,3.2009450237293384
1705,85300,3.2008207505481474
1706,85350,3.2008749240270107
1707,85400,3.200586917472403
1708,85450,3.200822879803801
1709,85500,3.2005051120267507
1710,85550,3.200461576309414
1711,85600,3.2007420565727887
1712,85650,3.201173644828371
1713,85700,3.20083726511916
1714,85750,3.2004549244474596
1715,85800,3.2017826322306093
1716,85850,3.201625391744014
1717,85900,3.2014234119793765
1718,85950,3.2013297108346186
1719,86000,3.201132023859001
1720,86050,3.2021708594939846
1721,86100,3.201762481695123
1722,86150,3.201489280903591
1723,86200,3.2028794191452277
1724,86250,3.2028019611825616
1725,86300,3.2021816156209875
1726,86350,3.201342844076884
1727,86400,3.202249782395572
1728,86450,3.202517836269041
1729,86500,3.2021883404263587
1730,86550,3.2022111497686536
1731,86600,3.2026584528965087
1732,86650,3.2024148040341247
1733,86700,3.2020875934400452
1734,86750,3.2016424822800964
1735,86800,3.202133432014678
1736,86850,3.2012673646342664
1737,86900,3.201197489317861
1738,86950,3.2012315448273703
1739,87000,3.2003031219276883
1740,87050,3.2002148903045016
1741,87100,3.2004809179459177
1742,87150,3.2006392373146624
1743,87200,3.2008685981170357
1744,87250,3.2003940895906107
1745,87300,3.199562506265865
1746,87350,3.2003011240675634
1747,87400,3.2001500374675538
1748,87450,3.200214682633356
1749,87500,3.2003510192469
1750,87550,3.199981387199895
1751,87600,3.1997564973487003
1752,87650,3.1992480342699925
1753,87700,3.19894437499079
1754,87750,3.19903085847833
1755,87800,3.1992358994780816
1756,87850,3.199803380895934
1757,87900,3.1988959402988404
1758,87950,3.1995353609120762
1759,88000,3.1986601243059547
1760,88050,3.1986964368473974
1761,88100,3.1984487667358272
1762,88150,3.1985480365400885
1763,88200,3.19838101063873
1764,88250,3.1986090452342633
1765,88300,3.1986263383208993
1766,88350,3.1982468065993253
1767,88400,3.1993018271753852
1768,88450,3.1994700298656413
1769,88500,3.199158350550963
1770,88550,3.198899080474967
1771,88600,3.199284673359416
1772,88650,3.1996038335988604
1773,88700,3.1989760731015306
1774,88750,3.1985684899772826
1775,88800,3.1990151681937093
1776,88850,3.199127081755385
1777,88900,3.198706502069328
1778,88950,3.198063304183353
1779,89000,3.197292807473665
1780,89050,3.1968415527999947
1781,89100,3.196443937821263
1782,89150,3.1964970796583203
1783,89200,3.196895975834303
1784,89250,3.1966133483833206
1785,89300,3.196927474943829
1786,89350,3.196773525289197
1787,89400,3.1967031866669173
1788,89450,3.197476511472301
1789,89500,3.1973488112563166
1790,89550,3.1972054291773566
1791,89600,3.1978814176735284
1792,89650,3.196984795455914
1793,89700,3.196837062664239
1794,89750,3.196855850522105
1795,89800,3.197358521829937
1796,89850,3.197389507886192
1797,89900,3.1971017427051986
1798,89950,3.1968106132053786
1799,90000,3.196332347327815
1800,90050,3.1964140564470953
1801,90100,3.1957276494941222
1802,90150,3.1953068912979514
1803,90200,3.1959881323981163
1804,90250,3.1963116248922425
1805,90300,3.1963501979260416
1806,90350,3.1967940112729027
1807,90400,3.196304149317719
1808,90450,3.1958935133311828
1809,90500,3.1958339389871897
1810,90550,3.1961893937192896
1811,90600,3.1967697440292113
1812,90650,3.196258449208451
1813,90700,3.196791078684677
1814,90750,3.1968824771421627
1815,90800,3.196265303324856
1816,90850,3.196229806127931
1817,90900,3.1956483605906962
1818,90950,3.195016919513277
1819,91000,3.1946719454486843
1820,91050,3.194832384319806
1821,91100,3.1942143456473833
1822,91150,3.1945477136578453
1823,91200,3.1946983822882444
1824,91250,3.195095580386814
1825,91300,3.1950692202622926
1826,91350,3.1949001905044403
1827,91400,3.1944239041725457
1828,91450,3.194682897354133
1829,91500,3.1949459113034786
1830,91550,3.19460028569023
1831,91600,3.194570901370427
1832,91650,3.1941875806471116
1833,91700,3.1950645063227534
1834,91750,3.195446930099461
1835,91800,3.1957743838972816
1836,91850,3.196114067971074
1837,91900,3.196312347496477
1838,91950,3.1960371801181346
1839,92000,3.195499341503022
1840,92050,3.195377575051466
1841,92100,3.1951475130850464
1842,92150,3.195476606942901
1843,92200,3.195150074831048
1844,92250,3.194941200720915
1845,92300,3.1951870504400954
1846,92350,3.195588262246369
1847,92400,3.195658682133422
1848,92450,3.1967232270100725
1849,92500,3.1970653657121795
1850,92550,3.1967163187731282
1851,92600,3.1964801788420365
1852,92650,3.1968585796792603
1853,92700,3.1965925894434806
1854,92750,3.1969748312363793
1855,92800,3.197022903425017
1856,92850,3.1972614602669305
1857,92900,3.1979493368045837
1858,92950,3.197499091018817
1859,93000,3.197860989263637
1860,93050,3.1982180859575817
1861,93100,3.1990372702938026
1862,93150,3.1992486779674754
1863,93200,3.199083713418343
1864,93250,3.199207337760578
1865,93300,3.1998661627236697
1866,93350,3.199485597038506
1867,93400,3.199019299396312
1868,93450,3.198503745985193
1869,93500,3.1983913642904556
1870,93550,3.1986996678945427
1871,93600,3.1990185727595613
1872,93650,3.1991429032564547
1873,93700,3.199169760501031
1874,93750,3.1991566788842474
1875,93800,3.199737376103491
1876,93850,3.199977471916689
1877,93900,3.1999015282912255
1878,93950,3.199558363516782
1879,94000,3.1994374237025367
1880,94050,3.19926021335321
1881,94100,3.199953886263823
1882,94150,3.2000086732592026
1883,94200,3.1993550824279997
1884,94250,3.1989082888657645
1885,94300,3.199061292070889
1886,94350,3.198572179818712
1887,94400,3.1988710860365486
1888,94450,3.199538265778474
1889,94500,3.1989224325671977
1890,94550,3.1990160069955587
1891,94600,3.1985900015734594
1892,94650,3.1979358235551443
1893,94700,3.1983346736197813
1894,94750,3.1989860917795396
1895,94800,3.198632516072298
1896,94850,3.1991241959341328
1897,94900,3.200761815082963
1898,94950,3.200355264957381
1899,95000,3.199993684426643
1900,95050,3.200605572340925
1901,95100,3.201557505518093
1902,95150,3.2014250788814045
1903,95200,3.200968783340035
1904,95250,3.20077426217187
1905,95300,3.200673771928955
1906,95350,3.201156686430583
1907,95400,3.201164700521439
1908,95450,3.2013226996686033
1909,95500,3.201310993091567
1910,95550,3.200795376971927
1911,95600,3.201017558732517
1912,95650,3.201623517313437
1913,95700,3.2014628867877635
1914,95750,3.201079573468512
1915,95800,3.2015502094339294
1916,95850,3.2010122123479747
1917,95900,3.20097819642861
1918,95950,3.2006970001041775
1919,96000,3.200282850766127
1920,96050,3.199758031943169
1921,96100,3.1990188522469025
1922,96150,3.1987519639237942
1923,96200,3.19920487160502
1924,96250,3.1988389224980174
1925,96300,3.199147114094164
1926,96350,3.1995368627407754
1927,96400,3.19879985584593
1928,96450,3.1990541666424375
1929,96500,3.199335205118368
1930,96550,3.1993084653831283
1931,96600,3.199523123654197
1932,96650,3.2004207309457025
1933,96700,3.1999959024366773
1934,96750,3.200113262587188
1935,96800,3.199632072754764
1936,96850,3.199098991606761
1937,96900,3.1990390948415675
1938,96950,3.1991369227197306
1939,97000,3.198776816769319
1940,97050,3.198418016695521
1941,97100,3.1982054354027865
1942,97150,3.1978486708757297
1943,97200,3.1981484830363174
1944,97250,3.197703509963702
1945,97300,3.197958957881305
1946,97350,3.197804650747445
1947,97400,3.1979270946970098
1948,97450,3.19819990142434
1949,97500,3.1979121188546245
1950,97550,3.197873574860565
1951,97600,3.1987181773211777
1952,97650,3.1984431057344564
1953,97700,3.198544929762419
1954,97750,3.1984911939276213
1955,97800,3.198892092239892
1956,97850,3.1986444490028383
1957,97900,3.1989497350340126
1958,97950,3.1988045074535965
1959,98000,3.199204861496294
1960,98050,3.198731003448984
1961,98100,3.1982033385179607
1962,98150,3.198635449741481
1963,98200,3.1996995433995954
1964,98250,3.1993388728007592
1965,98300,3.199174265877993
1966,98350,3.198873654828161
1967,98400,3.19930200233009
1968,98450,3.199840135223953
1969,98500,3.1999369679349714
1970,98550,3.200818963421968
1971,98600,3.2011011936822427
1972,98650,3.2014027695607163
1973,98700,3.201225241889192
1974,98750,3.2009456005094132
1975,98800,3.2007749899690747
1976,98850,3.200518582537177
1977,98900,3.2007374508592465
1978,98950,3.2009830407088478
1979,99000,3.200744336140991
1980,99050,3.2006343315501344
1981,99100,3.2010436634645125
1982,99150,3.2011651986332135
1983,99200,3.2014620907277065
1984,99250,3.2012876851175793
1985,99300,3.201430464941933
1986,99350,3.2015982664847913
1987,99400,3.201084370345743
1988,99450,3.2015062834615264
1989,99500,3.2016197675328
1990,99550,3.2018333231913982
1991,99600,3.201415239500349
1992,99650,3.201502001434519
1993,99700,3.2020727670217157
1994,99750,3.2025071166690156
1995,99800,3.202118477022094
1996,99850,3.2019954613814954
1997,99900,3.2027710710484936
1998,99950,3.2032438230956064
1999,100000,3.2040718517819977
