,Nb_iterations,Call_down_and_in
0,50,0.40533360567886995
1,100,0.2567728227693381
2,150,0.2916057183965947
3,200,0.24860883109352
4,250,0.20160438616335674
5,300,0.2025228324613992
6,350,0.2052018153377825
7,400,0.20381860239949048
8,450,0.19310324491987813
9,500,0.22641692304483185
10,550,0.23254373353760663
11,600,0.22196819577203192
12,650,0.2048937191741833
13,700,0.19863363360985586
14,750,0.19962420553757784
15,800,0.20543155584679115
16,850,0.22296105497602386
17,900,0.22197190857201174
18,950,0.21991235055923994
19,1000,0.21978999926042347
20,1050,0.2137059131472039
21,1100,0.21967735466642554
22,1150,0.21743428309600324
23,1200,0.20913496598746054
24,1250,0.20542652639625988
25,1300,0.2060968778446895
26,1350,0.20694154879979582
27,1400,0.20553651118242663
28,1450,0.2013819587497054
29,1500,0.20910536679476274
30,1550,0.20408023635749586
31,1600,0.19843352098551
32,1650,0.20417243392528545
33,1700,0.21325787012648356
34,1750,0.20716478812286973
35,1800,0.21031314820558428
36,1850,0.21390164670112014
37,1900,0.21967136363104664
38,1950,0.22033354420128604
39,2000,0.21988171994897276
40,2050,0.22091456664326897
41,2100,0.2230515769198753
42,2150,0.2181718227393524
43,2200,0.22264573911009072
44,2250,0.22728998190411515
45,2300,0.2223488953409822
46,2350,0.21978208396074747
47,2400,0.21958493489521647
48,2450,0.21601215730545317
49,2500,0.21482343156406095
50,2550,0.21634926787305067
51,2600,0.21907009191488497
52,2650,0.21796106763268214
53,2700,0.21916425550137997
54,2750,0.21517945085590032
55,2800,0.22115136321074377
56,2850,0.22017235646353958
57,2900,0.22211852817504218
58,2950,0.22112040652793025
59,3000,0.22171727794451196
60,3050,0.21975185095049313
61,3100,0.22102183205113496
62,3150,0.21933820983006094
63,3200,0.22418989439501852
64,3250,0.22132582745054943
65,3300,0.21797240582251082
66,3350,0.2147190863326226
67,3400,0.21342202702257912
68,3450,0.21767911481734076
69,3500,0.2186878281685909
70,3550,0.21722028162987228
71,3600,0.21770482006815337
72,3650,0.2168685841219531
73,3700,0.2153171077086936
74,3750,0.21591633504803381
75,3800,0.21307533063950707
76,3850,0.2231305513926354
77,3900,0.22623067615317113
78,3950,0.22386582099256402
79,4000,0.22560423781799097
80,4050,0.2236512150265341
81,4100,0.22330064959577225
82,4150,0.22693561703109316
83,4200,0.22555400467562814
84,4250,0.22290042815003253
85,4300,0.22350399806140447
86,4350,0.2209349865894343
87,4400,0.22122015913909637
88,4450,0.21893112757785713
89,4500,0.21718343156668246
90,4550,0.21870475721976554
91,4600,0.22050622283308743
92,4650,0.21938216195818183
93,4700,0.21982322052097242
94,4750,0.21750929188390955
95,4800,0.21723959688303793
96,4850,0.21803245730119258
97,4900,0.21833028620963751
98,4950,0.21651301169066162
99,5000,0.2200386153294162
100,5050,0.2202340065000726
101,5100,0.22706056005210365
102,5150,0.22958155854070625
103,5200,0.22896493016611108
104,5250,0.227407437838972
105,5300,0.22587185590135606
106,5350,0.22808844415716845
107,5400,0.2277206825560209
108,5450,0.22680143741802297
109,5500,0.22701466911993642
110,5550,0.23015988909238816
111,5600,0.23084130074826834
112,5650,0.2328621699673893
113,5700,0.23204282021388253
114,5750,0.23456149473331073
115,5800,0.23600772062140218
116,5850,0.23399056061609105
117,5900,0.23575891239249164
118,5950,0.2359885428421559
119,6000,0.23722245862240846
120,6050,0.23628504180250734
121,6100,0.23831526045531734
122,6150,0.23852465595443822
123,6200,0.23785629462582825
124,6250,0.23655241048042888
125,6300,0.23491896710802757
126,6350,0.23931452535340977
127,6400,0.23841182407892178
128,6450,0.24399757984567214
129,6500,0.24654943001511254
130,6550,0.2464124381891318
131,6600,0.2466606842830657
132,6650,0.24480609267191486
133,6700,0.2456829140606443
134,6750,0.24453791592016821
135,6800,0.24651809729687438
136,6850,0.24571316731192375
137,6900,0.2452556438653357
138,6950,0.24396394488946066
139,7000,0.24307312890409183
140,7050,0.2422701928148904
141,7100,0.24190634967016483
142,7150,0.24444168414111106
143,7200,0.24383384925808535
144,7250,0.24351619702256327
145,7300,0.2418482778648745
146,7350,0.24020305148484133
147,7400,0.23923483674986146
148,7450,0.23800682551223856
149,7500,0.236420113342157
150,7550,0.23643987190589266
151,7600,0.23715398007621974
152,7650,0.23572210369202634
153,7700,0.23475752247332893
154,7750,0.23357334649648934
155,7800,0.2343653792070128
156,7850,0.23395371788604932
157,7900,0.23348966360224024
158,7950,0.23419140695853297
159,8000,0.23273663855310422
160,8050,0.23232547656415914
161,8100,0.2332723149757037
162,8150,0.23193877152062176
163,8200,0.230699768923526
164,8250,0.23003240398813823
165,8300,0.228851863071199
166,8350,0.22825990642654706
167,8400,0.2306973574516462
168,8450,0.2315786775912126
169,8500,0.2314430980404087
170,8550,0.23136472657329524
171,8600,0.2303636137211019
172,8650,0.22919141391797732
173,8700,0.23083971452028998
174,8750,0.2303347243606084
175,8800,0.2302628816454925
176,8850,0.2309018163718181
177,8900,0.2317438114154304
178,8950,0.2304491532510984
179,9000,0.22991352345320804
180,9050,0.22916537205007506
181,9100,0.22978069650196806
182,9150,0.2292203048809078
183,9200,0.22991844778678117
184,9250,0.23151537584560788
185,9300,0.2302706695238573
186,9350,0.2313306080657682
187,9400,0.23136634143941953
188,9450,0.23128809238641956
189,9500,0.23158362550859643
190,9550,0.2305672478557279
191,9600,0.2300338442446977
192,9650,0.22960852215204533
193,9700,0.22957190119321877
194,9750,0.22976616387924712
195,9800,0.2303651012846456
196,9850,0.22980758922302685
197,9900,0.2307241989481965
198,9950,0.23184540948852964
199,10000,0.230686182441087
200,10050,0.23130965414891116
201,10100,0.2338691781610921
202,10150,0.2346682577894113
203,10200,0.23373990400187417
204,10250,0.23437883624431133
205,10300,0.23448539056978904
206,10350,0.233437680430231
207,10400,0.23302919992679427
208,10450,0.23360822638370227
209,10500,0.23307530340905017
210,10550,0.23296907137745201
211,10600,0.2323783847824208
212,10650,0.23198024124130343
213,10700,0.23089622142241883
214,10750,0.23027610840227325
215,10800,0.2307564575443585
216,10850,0.23000059489338037
217,10900,0.23132639400854002
218,10950,0.23132995099566367
219,11000,0.23117228807904971
220,11050,0.23012625962620334
221,11100,0.22908965485311233
222,11150,0.23029530630539885
223,11200,0.22951117814088728
224,11250,0.22966679508484858
225,11300,0.2295856320952575
226,11350,0.22936200952701197
227,11400,0.22868803931999493
228,11450,0.2280704429557076
229,11500,0.2275714384392447
230,11550,0.22757293900302272
231,11600,0.22697787963289504
232,11650,0.22732895517560478
233,11700,0.2288818562390986
234,11750,0.23061303324432197
235,11800,0.22996831329709796
236,11850,0.23001639121925974
237,11900,0.22929037307911473
238,11950,0.22900635398661712
239,12000,0.22997390082990443
240,12050,0.22959182879727236
241,12100,0.23026728993426612
242,12150,0.23018070742949653
243,12200,0.23037913975481558
244,12250,0.23163496117672658
245,12300,0.2316915007508689
246,12350,0.23291838580720337
247,12400,0.23282488978521784
248,12450,0.23360270429826077
249,12500,0.23266829348106774
250,12550,0.23236513810406337
251,12600,0.231443054222698
252,12650,0.23369521148031086
253,12700,0.23376812044452003
254,12750,0.23285138271728661
255,12800,0.2334041186997736
256,12850,0.23314362596863936
257,12900,0.2331770229546214
258,12950,0.23366049288304738
259,13000,0.23359265996447753
260,13050,0.23419841172801645
261,13100,0.2336897134893056
262,13150,0.23329595557825564
263,13200,0.23255843066547624
264,13250,0.23268865013480813
265,13300,0.2322566001070944
266,13350,0.23149931259696846
267,13400,0.23063550919175588
268,13450,0.23004734249873549
269,13500,0.2291953153042957
270,13550,0.22855634857612342
271,13600,0.2292987953091428
272,13650,0.22922199150422332
273,13700,0.2293519073508095
274,13750,0.22912107745927426
275,13800,0.22906394514538647
276,13850,0.22903680020438444
277,13900,0.22877482064772311
278,13950,0.2279953767046308
279,14000,0.22731694552093157
280,14050,0.2266718634691295
281,14100,0.22621248139477637
282,14150,0.22576243385863257
283,14200,0.22507159382465963
284,14250,0.22518998642294324
285,14300,0.2244619073477077
286,14350,0.2236798101095624
287,14400,0.22347542828488157
288,14450,0.22436242108465382
289,14500,0.22359534166390566
290,14550,0.22352199552344346
291,14600,0.22356714702152378
292,14650,0.22348209353727283
293,14700,0.22388679908622566
294,14750,0.2239708131041594
295,14800,0.22424940601401322
296,14850,0.22485084606854197
297,14900,0.22461273127905865
298,14950,0.22416905376874863
299,15000,0.2241498222382051
300,15050,0.2236540220442731
301,15100,0.22356495514561786
302,15150,0.22307848286614404
303,15200,0.2250689312982074
304,15250,0.22433100037591822
305,15300,0.2241227335470938
306,15350,0.22371785556354803
307,15400,0.22359635048520166
308,15450,0.2230799745457876
309,15500,0.22267550910366116
310,15550,0.22376924280135801
311,15600,0.22501437631571364
312,15650,0.2246393708958447
313,15700,0.22401392606931403
314,15750,0.2239756523529346
315,15800,0.22410220967129477
316,15850,0.22389794446407882
317,15900,0.22319386287771378
318,15950,0.22334557191608748
319,16000,0.22309884096187496
320,16050,0.22260844547674632
321,16100,0.22339942702668314
322,16150,0.22340800946709374
323,16200,0.22271847857367677
324,16250,0.2236006498896284
325,16300,0.22347007625213894
326,16350,0.22278668152353912
327,16400,0.22292327557360866
328,16450,0.2224444259908892
329,16500,0.22218338270669274
330,16550,0.22185045874282858
331,16600,0.22133240669739906
332,16650,0.2212584139706207
333,16700,0.22209748533948495
334,16750,0.2223814582950229
335,16800,0.22225351949381858
336,16850,0.22192039199450822
337,16900,0.22153149697876298
338,16950,0.2212878390820638
339,17000,0.22090985197078084
340,17050,0.22100269687068516
341,17100,0.220356490154689
342,17150,0.22159345741328135
343,17200,0.2210486508163965
344,17250,0.22086809596186913
345,17300,0.22024890299638625
346,17350,0.2196141799329961
347,17400,0.219902638766591
348,17450,0.22077787824227918
349,17500,0.22014708430444407
350,17550,0.2204144828338552
351,17600,0.22052318650946362
352,17650,0.2205052612245336
353,17700,0.22012408311068873
354,17750,0.22022815622501524
355,17800,0.22128591868809505
356,17850,0.2231844421754912
357,17900,0.22327247972587144
358,17950,0.22459453858664238
359,18000,0.2240569158904354
360,18050,0.22448000794660217
361,18100,0.22468954372702776
362,18150,0.22505518090456367
363,18200,0.22450998345596468
364,18250,0.22514295057378064
365,18300,0.2269555824495942
366,18350,0.2274624196299216
367,18400,0.2285308513636304
368,18450,0.22810463802356704
369,18500,0.22831669589748577
370,18550,0.22922900969311283
371,18600,0.22911074273571677
372,18650,0.2293914529802844
373,18700,0.22878045677657818
374,18750,0.22862027937371057
375,18800,0.22818544001636046
376,18850,0.227956580997879
377,18900,0.22833970146556448
378,18950,0.22799348348886808
379,19000,0.22842443048703284
380,19050,0.22782489129940284
381,19100,0.22841568314493857
382,19150,0.22789702282184135
383,19200,0.22783877660813912
384,19250,0.22757802518542952
385,19300,0.2282730816979707
386,19350,0.2287225337873978
387,19400,0.22813893939489552
388,19450,0.22794523240623113
389,19500,0.2281489968781947
390,19550,0.22974668035919624
391,19600,0.22957973692811973
392,19650,0.2294775292641201
393,19700,0.2292525946780607
394,19750,0.23028643619719796
395,19800,0.22993219533436476
396,19850,0.23005937495315165
397,19900,0.23101574518657061
398,19950,0.23043675835652908
399,20000,0.22986066646063774
400,20050,0.2297828488261008
401,20100,0.22981480207954844
402,20150,0.2294327407381511
403,20200,0.22909356849754475
404,20250,0.22856376445589843
405,20300,0.22829876481847713
406,20350,0.22824410288795083
407,20400,0.22805754832402628
408,20450,0.22892223323197838
409,20500,0.2287275500835961
410,20550,0.22897947064327562
411,20600,0.22884897239218147
412,20650,0.2290224762917761
413,20700,0.2299328530075499
414,20750,0.23014171250691168
415,20800,0.229975939270073
416,20850,0.22977099587712124
417,20900,0.22988530329453707
418,20950,0.229365859961142
419,21000,0.22940208301031748
420,21050,0.22907321602747535
421,21100,0.22870002913113535
422,21150,0.22848973581481655
423,21200,0.2293455371601636
424,21250,0.22880590060213968
425,21300,0.22934032222412057
426,21350,0.2296754875730524
427,21400,0.22949699722149544
428,21450,0.229160166459164
429,21500,0.22927582421814707
430,21550,0.229340532010378
431,21600,0.2295983090648883
432,21650,0.2300267202903122
433,21700,0.22949670480577233
434,21750,0.22896912617403492
435,21800,0.2295749190563807
436,21850,0.2295463011768342
437,21900,0.22929784758059973
438,21950,0.22966510913975965
439,22000,0.2305787535191305
440,22050,0.23097840840549302
441,22100,0.23144026643218846
442,22150,0.23091782790751084
443,22200,0.23039774270952096
444,22250,0.2312588746648154
445,22300,0.2321165134267958
446,22350,0.2332918353782259
447,22400,0.23305166844792852
448,22450,0.2325623738505308
449,22500,0.23221980758913074
450,22550,0.23267664161897766
451,22600,0.23247341185012713
452,22650,0.2324346055737496
453,22700,0.2338715279810634
454,22750,0.2350684512202281
455,22800,0.2349567421854898
456,22850,0.2347777068841396
457,22900,0.23475727352553258
458,22950,0.23481643264970253
459,23000,0.23540927919028073
460,23050,0.23492304574997325
461,23100,0.234414554308956
462,23150,0.23586055656847046
463,23200,0.23596033712588468
464,23250,0.23626427981267684
465,23300,0.23641034583435372
466,23350,0.236018148146736
467,23400,0.23586409399413627
468,23450,0.23537256109350044
469,23500,0.23492719038608384
470,23550,0.23447184341795427
471,23600,0.2342358463051128
472,23650,0.23425484195933668
473,23700,0.23462432467237637
474,23750,0.23473780067006328
475,23800,0.23447888923611976
476,23850,0.23398731923772118
477,23900,0.2337345279749676
478,23950,0.23381404711174977
479,24000,0.23453443266366286
480,24050,0.23414686014594763
481,24100,0.2338068594069693
482,24150,0.2340644958436211
483,24200,0.23397120305376048
484,24250,0.23348878820210325
485,24300,0.23333755946133766
486,24350,0.23433516172183702
487,24400,0.23468391355445037
488,24450,0.2345045538019736
489,24500,0.2343396886152407
490,24550,0.23430839901943948
491,24600,0.23405686596269337
492,24650,0.2338825222542025
493,24700,0.23359716500589878
494,24750,0.23388334649673706
495,24800,0.2336334408255369
496,24850,0.23386867877467785
497,24900,0.23435734957061632
498,24950,0.23429940533763122
499,25000,0.23430583784026499
500,25050,0.23433997275585908
501,25100,0.23448096897028825
502,25150,0.23424082556954198
503,25200,0.23386184768744805
504,25250,0.23410250072090338
505,25300,0.23368384917719867
506,25350,0.2333720844500344
507,25400,0.23501002169947782
508,25450,0.23527084269591253
509,25500,0.235581473371191
510,25550,0.23532286203372518
511,25600,0.2350155457854092
512,25650,0.234851058105014
513,25700,0.23472754823334688
514,25750,0.23515962785713906
515,25800,0.23537192331600407
516,25850,0.23528707565130194
517,25900,0.23483285349753494
518,25950,0.23517084796382876
519,26000,0.23538567204810976
520,26050,0.23540501706807923
521,26100,0.23540459069285607
522,26150,0.2355107136784942
523,26200,0.235225237885538
524,26250,0.23532396370253433
525,26300,0.235523408172795
526,26350,0.23540538498626334
527,26400,0.2351978193788418
528,26450,0.23543020190863204
529,26500,0.23549160638324032
530,26550,0.23562159682008998
531,26600,0.2353924894078727
532,26650,0.23508516629493356
533,26700,0.23488171274541333
534,26750,0.2347246331632894
535,26800,0.23476540387316042
536,26850,0.23458052751787678
537,26900,0.23480488782340705
538,26950,0.23453027760646047
539,27000,0.2349363153883595
540,27050,0.23476997235739913
541,27100,0.23462565283619397
542,27150,0.23425199285536424
543,27200,0.23399763878922533
544,27250,0.23388888262786273
545,27300,0.2338090461597245
546,27350,0.2345202736802723
547,27400,0.23441650745920006
548,27450,0.23436027089996406
549,27500,0.23421617493152416
550,27550,0.23398930363707796
551,27600,0.23363839604722592
552,27650,0.23404685246470064
553,27700,0.2342072727584748
554,27750,0.23419737832973894
555,27800,0.23395099462226823
556,27850,0.23416741231584937
557,27900,0.23417472561811975
558,27950,0.2338358640879116
559,28000,0.23382494237684623
560,28050,0.23340814212305508
561,28100,0.23354766031809418
562,28150,0.23325347175376177
563,28200,0.2330315319499532
564,28250,0.23332939160924246
565,28300,0.23309641628658184
566,28350,0.23302778308559802
567,28400,0.2327090802103303
568,28450,0.23250260707125084
569,28500,0.2328482585659828
570,28550,0.23300067830178142
571,28600,0.23262159256589984
572,28650,0.23269033978155798
573,28700,0.23231047210914946
574,28750,0.23237617492199877
575,28800,0.2324969562365745
576,28850,0.23259295560444437
577,28900,0.23317198545265005
578,28950,0.23276927045186827
579,29000,0.23287960697236468
580,29050,0.23267143984874628
581,29100,0.23240786957230558
582,29150,0.2331002419350283
583,29200,0.2327157789637047
584,29250,0.2325524973059384
585,29300,0.2321556500409112
586,29350,0.2318081639388591
587,29400,0.2318026089513799
588,29450,0.23221678423130457
589,29500,0.23229125496037997
590,29550,0.23258247374702284
591,29600,0.23248904345253818
592,29650,0.23254913894174692
593,29700,0.23245182347504348
594,29750,0.23243882632190507
595,29800,0.23235910012507296
596,29850,0.23238241339061724
597,29900,0.23223042108605738
598,29950,0.23207662347305127
599,30000,0.23231388466721145
600,30050,0.23201978882496221
601,30100,0.23166964720106015
602,30150,0.23244546904291846
603,30200,0.23206062555112555
604,30250,0.23258941038371447
605,30300,0.2328572079813433
606,30350,0.23295918588071315
607,30400,0.2325760293249883
608,30450,0.23271208573003607
609,30500,0.23233209023949752
610,30550,0.23199338147897902
611,30600,0.2316220566054903
612,30650,0.23159302501536544
613,30700,0.23162606340143868
614,30750,0.23149692130934976
615,30800,0.23112430367559106
616,30850,0.23108596040789092
617,30900,0.2307120349056128
618,30950,0.23038241006645446
619,31000,0.23043970426737487
620,31050,0.2300686258386029
621,31100,0.23006297360078068
622,31150,0.23008436910052849
623,31200,0.22971564415004686
624,31250,0.22969198010027608
625,31300,0.22996338386473983
626,31350,0.22983263978098925
627,31400,0.22981447933936394
628,31450,0.2302481894053487
629,31500,0.23045660170504634
630,31550,0.2306764146925637
631,31600,0.2305088652379642
632,31650,0.23027605332837978
633,31700,0.23038447403851042
634,31750,0.23056709463947603
635,31800,0.23042839961082004
636,31850,0.23037634009451002
637,31900,0.23020608052880748
638,31950,0.2304194877149849
639,32000,0.23025491608634457
640,32050,0.22990828233392846
641,32100,0.22977912187598984
642,32150,0.22975884554163817
643,32200,0.22948223713470134
644,32250,0.22944059025190094
645,32300,0.22911501790780234
646,32350,0.2294392651512512
647,32400,0.22923217392748554
648,32450,0.22941348877144535
649,32500,0.2293468820407628
650,32550,0.22991177298963653
651,32600,0.22955914757094079
652,32650,0.22965401915850922
653,32700,0.2298648911143196
654,32750,0.23013846072814315
655,32800,0.23021196585863812
656,32850,0.22986156712825967
657,32900,0.22974822084355973
658,32950,0.22939958924895643
659,33000,0.22905201411373075
660,33050,0.22870549064305945
661,33100,0.22859316196084703
662,33150,0.22866509585759673
663,33200,0.22853319971462224
664,33250,0.22863653764860215
665,33300,0.22853925905706154
666,33350,0.22824720602134682
667,33400,0.2287017500455001
668,33450,0.22921923345357612
669,33500,0.2293761929441648
670,33550,0.22903435062979197
671,33600,0.22885035295239103
672,33650,0.22871618601135163
673,33700,0.22980706416880678
674,33750,0.2295576723247633
675,33800,0.22923992659299366
676,33850,0.22893461940042703
677,33900,0.22867915465995847
678,33950,0.2284192565822154
679,34000,0.22853664744840735
680,34050,0.22861872930732707
681,34100,0.22864546630530733
682,34150,0.22873356108844795
683,34200,0.22856781190386782
684,34250,0.22912784991544133
685,34300,0.22933303734891114
686,34350,0.22922179066859166
687,34400,0.2292911159159368
688,34450,0.22920383941172817
689,34500,0.2291536997711683
690,34550,0.22936203675301148
691,34600,0.22921518027860063
692,34650,0.229401979597109
693,34700,0.22915467966252262
694,34750,0.22939979618010975
695,34800,0.22918056123926844
696,34850,0.22888130811935462
697,34900,0.228853221939887
698,34950,0.22871934509559458
699,35000,0.22841137340982562
700,35050,0.22842164817712585
701,35100,0.22824908588059334
702,35150,0.22880591229053632
703,35200,0.22879312526952825
704,35250,0.22891709867780347
705,35300,0.22924025332041473
706,35350,0.2293812888030388
707,35400,0.229433965180571
708,35450,0.22947822703451343
709,35500,0.22983758716384445
710,35550,0.2296742686193251
711,35600,0.2297681860349896
712,35650,0.22954420423815997
713,35700,0.22928459469316942
714,35750,0.2290425314313513
715,35800,0.22949553918069804
716,35850,0.22952398804126894
717,35900,0.22938257497014156
718,35950,0.2293534129956362
719,36000,0.22968801652760343
720,36050,0.22936944785003394
721,36100,0.2293981359365024
722,36150,0.22963487434935334
723,36200,0.22931769910853936
724,36250,0.22963145639382435
725,36300,0.2294940429988291
726,36350,0.2294505658034291
727,36400,0.22987321947392278
728,36450,0.22991945862075774
729,36500,0.22993469764629196
730,36550,0.22992431292283205
731,36600,0.22984852173213394
732,36650,0.2297884194457988
733,36700,0.22947535620404702
734,36750,0.22959153675696975
735,36800,0.22959900294800503
736,36850,0.22995662016032153
737,36900,0.23040126997185525
738,36950,0.23116765526927133
739,37000,0.23085526654593447
740,37050,0.2307732529708288
741,37100,0.23046223780509995
742,37150,0.2302269162122971
743,37200,0.23037972274683355
744,37250,0.23044816033383606
745,37300,0.23013924859076124
746,37350,0.22999405808837853
747,37400,0.2300857152598956
748,37450,0.23018682343912406
749,37500,0.22987990767453856
750,37550,0.23041135114544692
751,37600,0.23074363865213068
752,37650,0.23067341468180413
753,37700,0.23102846407661445
754,37750,0.23143342853640633
755,37800,0.23156846032741138
756,37850,0.23132605722154578
757,37900,0.23141900618009073
758,37950,0.23123865651814457
759,38000,0.23115568641772977
760,38050,0.2308519338731598
761,38100,0.2309757518364626
762,38150,0.23111477982409992
763,38200,0.23093772063653265
764,38250,0.23063584126315156
765,38300,0.2303347500865678
766,38350,0.23077684332242207
767,38400,0.23047635264101268
768,38450,0.23030398884418707
769,38500,0.23056494137232406
770,38550,0.23027382136198937
771,38600,0.23037680523451642
772,38650,0.23076605437147826
773,38700,0.23069594303923907
774,38750,0.23049107060817017
775,38800,0.2304152350932641
776,38850,0.23021331563011596
777,38900,0.23003745720643984
778,38950,0.23004003773166767
779,39000,0.2300713987498916
780,39050,0.23009685468810884
781,39100,0.22996917323137014
782,39150,0.23019650327945154
783,39200,0.23076677012669972
784,39250,0.2312645671621888
785,39300,0.23102653153265587
786,39350,0.23073297812537166
787,39400,0.2308119660585347
788,39450,0.2309139379120305
789,39500,0.23086508719983384
790,39550,0.23083112702581945
791,39600,0.23068616589247476
792,39650,0.23077926123145268
793,39700,0.23073206476855962
794,39750,0.23051526235619124
795,39800,0.23039327989857383
796,39850,0.2304346230077673
797,39900,0.23017345795143213
798,39950,0.23068526897503677
799,40000,0.2305851611189778
800,40050,0.23042119660571173
801,40100,0.23032078657154176
802,40150,0.23006098048885823
803,40200,0.22998193428007793
804,40250,0.2298540199072796
805,40300,0.22974771578786266
806,40350,0.22954637581358942
807,40400,0.22998417993861828
808,40450,0.22990610155763055
809,40500,0.22967734880579793
810,40550,0.23006018917949445
811,40600,0.23040018413388816
812,40650,0.23020620514445206
813,40700,0.2304394587509336
814,40750,0.2303762214244584
815,40800,0.23047513460439792
816,40850,0.2301930352964366
817,40900,0.2303549888028458
818,40950,0.2303674160417105
819,41000,0.2301845814875278
820,41050,0.2302464188348295
821,41100,0.23020649264100393
822,41150,0.22998959437951516
823,41200,0.2300953098773685
824,41250,0.2298952134458572
825,41300,0.22986813066723355
826,41350,0.23011672499947708
827,41400,0.22983880624947772
828,41450,0.2296559259364662
829,41500,0.2294881981359711
830,41550,0.2296861729544186
831,41600,0.22976846672133663
832,41650,0.2295816288232856
833,41700,0.22966364537139736
834,41750,0.2294653479306462
835,41800,0.22933021564023431
836,41850,0.2292982672542976
837,41900,0.22911421410267302
838,41950,0.22931923735139179
839,42000,0.22911031287692693
840,42050,0.22883788682118741
841,42100,0.22885680169244996
842,42150,0.22859435577951437
843,42200,0.2285970256680323
844,42250,0.22848024349106283
845,42300,0.22866953551998853
846,42350,0.2285393424827026
847,42400,0.22830084330181746
848,42450,0.22834823787060762
849,42500,0.22841696962872263
850,42550,0.228438730629945
851,42600,0.2284763764943352
852,42650,0.22837169170161034
853,42700,0.22827963191769762
854,42750,0.22845773786407544
855,42800,0.2289002974192424
856,42850,0.22887328643635613
857,42900,0.22913758467706877
858,42950,0.2290610275687979
859,43000,0.22916591861682617
860,43050,0.2292460254775488
861,43100,0.2293414875518412
862,43150,0.22913261140520602
863,43200,0.2291312078260565
864,43250,0.22933366585082965
865,43300,0.22928849842977936
866,43350,0.22965160792592632
867,43400,0.2298522513033803
868,43450,0.22990042851234502
869,43500,0.2296938564779134
870,43550,0.22947481010968457
871,43600,0.22928573721802079
872,43650,0.2290230960528226
873,43700,0.22897220440525282
874,43750,0.22909333532132978
875,43800,0.22883181324904514
876,43850,0.2285818401570744
877,43900,0.228511313322644
878,43950,0.2288495284026245
879,44000,0.22869268519210997
880,44050,0.22845980753718143
881,44100,0.2287319321511115
882,44150,0.2284920982722786
883,44200,0.2288463388789549
884,44250,0.22912569167288943
885,44300,0.22914916363804433
886,44350,0.22919372653329603
887,44400,0.229335118994927
888,44450,0.22927980815904403
889,44500,0.22971820050981975
890,44550,0.2296775691404201
891,44600,0.22994177764066706
892,44650,0.23016704343880276
893,44700,0.23010168587063534
894,44750,0.22990050578929408
895,44800,0.22982574892077035
896,44850,0.22987791683809355
897,44900,0.22983030871995233
898,44950,0.22988871501739377
899,45000,0.22966496590976324
900,45050,0.22963985403574091
901,45100,0.2295615924778723
902,45150,0.22969296508745926
903,45200,0.22943887994908818
904,45250,0.22921882744688485
905,45300,0.22944947611589284
906,45350,0.22939695760322384
907,45400,0.2295309891601057
908,45450,0.22930830755605508
909,45500,0.22919302025733976
910,45550,0.22954882138431637
911,45600,0.22950822024875947
912,45650,0.22925684213238623
913,45700,0.2293691654175271
914,45750,0.22926155794545766
915,45800,0.22946332092285315
916,45850,0.22925861202807316
917,45900,0.22943421955896873
918,45950,0.22932059335838623
919,46000,0.22921353497558516
920,46050,0.22950767410103734
921,46100,0.22970526853309192
922,46150,0.22999088036236887
923,46200,0.22975272102383643
924,46250,0.22970767205630985
925,46300,0.22957150855942576
926,46350,0.2298509328981892
927,46400,0.23014337853442554
928,46450,0.23041174003156592
929,46500,0.23017498135883077
930,46550,0.2300258568976362
931,46600,0.23038399772711132
932,46650,0.23014697480433213
933,46700,0.23011663840811622
934,46750,0.23029905896910832
935,46800,0.2307477052495369
936,46850,0.23080124363350044
937,46900,0.230597717973262
938,46950,0.2304726423983555
939,47000,0.23043825477651217
940,47050,0.23030526479890434
941,47100,0.23046299367088677
942,47150,0.23021860025235985
943,47200,0.2299960578714195
944,47250,0.22975267579959788
945,47300,0.22978784418607212
946,47350,0.2296088845386308
947,47400,0.22950328348520596
948,47450,0.22968591091640106
949,47500,0.22944413627333118
950,47550,0.22935007612402283
951,47600,0.2291091621785144
952,47650,0.2297099127974827
953,47700,0.22966406775001041
954,47750,0.22980390251915084
955,47800,0.2296049062790924
956,47850,0.229478401667411
957,47900,0.22942868066707678
958,47950,0.22935659719046458
959,48000,0.22936246676109956
960,48050,0.22936664850794533
961,48100,0.22938269193259472
962,48150,0.22946297063886245
963,48200,0.22928049023389094
964,48250,0.2291912899829501
965,48300,0.22952836161315548
966,48350,0.22940202138461696
967,48400,0.22927870472235085
968,48450,0.22918601550755122
969,48500,0.22911491070208342
970,48550,0.22887895301855912
971,48600,0.22884015113960832
972,48650,0.2286116048548871
973,48700,0.22838007390374682
974,48750,0.22855579887658442
975,48800,0.22863530702860224
976,48850,0.22857414258779193
977,48900,0.2285172153440767
978,48950,0.22844189065792378
979,49000,0.22854525314231836
980,49050,0.22896523368665694
981,49100,0.228959312561029
982,49150,0.22887195804248295
983,49200,0.22920907768737608
984,49250,0.22904370191495427
985,49300,0.22922751286349538
986,49350,0.22951167238972195
987,49400,0.22989728226751432
988,49450,0.23026619238659393
989,49500,0.2300680122720173
990,49550,0.2303734594715461
991,49600,0.23028530508752024
992,49650,0.23024994249566094
993,49700,0.23006583494569285
994,49750,0.2300060270291661
995,49800,0.23001047963260238
996,49850,0.22996735856058248
997,49900,0.23020419826332697
998,49950,0.2300006009371448
999,50000,0.22998178472885863
1000,50050,0.23048956686731017
1001,50100,0.2303872546681932
1002,50150,0.2304413184240188
1003,50200,0.2302666506939502
1004,50250,0.23016524164994664
1005,50300,0.230055893028632
1006,50350,0.23009144899058342
1007,50400,0.23015705809461498
1008,50450,0.22998666565702677
1009,50500,0.2297589560870693
1010,50550,0.229812015552405
1011,50600,0.22972063225826267
1012,50650,0.2297453600569817
1013,50700,0.22959056120620858
1014,50750,0.22954842507597967
1015,50800,0.22964700107587918
1016,50850,0.22963354484742812
1017,50900,0.22955896548954846
1018,50950,0.2293336868188031
1019,51000,0.2294016369014017
1020,51050,0.2291769536135453
1021,51100,0.22895379671547902
1022,51150,0.22892888728158897
1023,51200,0.22886957781877287
1024,51250,0.22931705256904725
1025,51300,0.2292273583161426
1026,51350,0.2291113342783167
1027,51400,0.22935237459102586
1028,51450,0.22957690949456191
1029,51500,0.2300664668396437
1030,51550,0.23022504929897025
1031,51600,0.23044284112273355
1032,51650,0.23037558818027046
1033,51700,0.23043740819915148
1034,51750,0.23046565087002546
1035,51800,0.23034478749758672
1036,51850,0.23071092604387414
1037,51900,0.2309176568649334
1038,51950,0.23072521043648722
1039,52000,0.23103848832977011
1040,52050,0.2308165493400201
1041,52100,0.23125533862884745
1042,52150,0.2312019947296355
1043,52200,0.23100895805972863
1044,52250,0.23099731335712276
1045,52300,0.23099222931979257
1046,52350,0.23088530633605267
1047,52400,0.23066499592924347
1048,52450,0.23044510556134143
1049,52500,0.23025055819621762
1050,52550,0.23006847890041449
1051,52600,0.23004534419627373
1052,52650,0.22982687758260206
1053,52700,0.2296134459832599
1054,52750,0.23015652029225245
1055,52800,0.2300447310299376
1056,52850,0.22986378286365888
1057,52900,0.22991364241403678
1058,52950,0.2298071539154921
1059,53000,0.22976683945990548
1060,53050,0.22964575782157207
1061,53100,0.22986785099025214
1062,53150,0.23010324386780473
1063,53200,0.230448597868112
1064,53250,0.23042987477020546
1065,53300,0.23039211941069962
1066,53350,0.2305465102193649
1067,53400,0.23040280839898597
1068,53450,0.23059099547382766
1069,53500,0.2305289130051304
1070,53550,0.2308073142921897
1071,53600,0.2311561231374168
1072,53650,0.23102307006214204
1073,53700,0.23080796478275456
1074,53750,0.23059325969923572
1075,53800,0.23042859941965857
1076,53850,0.23046447626630814
1077,53900,0.23037873697911507
1078,53950,0.23023877840893556
1079,54000,0.23092170823072616
1080,54050,0.23084685986115833
1081,54100,0.23091911779122637
1082,54150,0.2307159619364314
1083,54200,0.23059739455191283
1084,54250,0.23038486239103545
1085,54300,0.2301727216337693
1086,54350,0.23009582970699083
1087,54400,0.23017811418263126
1088,54450,0.23034432888939818
1089,54500,0.23023802682655903
1090,54550,0.2306565584186094
1091,54600,0.2309289004971479
1092,54650,0.2310882824175067
1093,54700,0.23114033189832411
1094,54750,0.23113000293441732
1095,54800,0.23125809385353602
1096,54850,0.231274856534461
1097,54900,0.231279791201753
1098,54950,0.2313528866642526
1099,55000,0.23156703049766977
1100,55050,0.2314345077321437
1101,55100,0.23181570731493475
1102,55150,0.23163652210256974
1103,55200,0.23183386559275995
1104,55250,0.23179224203242196
1105,55300,0.23213284547160565
1106,55350,0.2321450171407327
1107,55400,0.23211999866060568
1108,55450,0.23193738991754123
1109,55500,0.23188527319598543
1110,55550,0.2316765555783473
1111,55600,0.2321952326303455
1112,55650,0.2325203107679231
1113,55700,0.2323966397863816
1114,55750,0.23244226433138376
1115,55800,0.2324991795276173
1116,55850,0.23262220205122597
1117,55900,0.23261060811077294
1118,55950,0.2324200102273957
1119,56000,0.23279089272313558
1120,56050,0.2326083964911697
1121,56100,0.2324021694488117
1122,56150,0.2324099973359744
1123,56200,0.2322032268757111
1124,56250,0.23248448255757642
1125,56300,0.2325430000796963
1126,56350,0.2324410506042737
1127,56400,0.23243523653454298
1128,56450,0.23224380782606424
1129,56500,0.23223238625656972
1130,56550,0.23223295651197642
1131,56600,0.2320278037235383
1132,56650,0.23197836824076845
1133,56700,0.23211177589370058
1134,56750,0.2321313120500564
1135,56800,0.23213463636992848
1136,56850,0.2323741152089057
1137,56900,0.23262896340294598
1138,56950,0.232651829710922
1139,57000,0.23263207874486902
1140,57050,0.2329885088862255
1141,57100,0.2330255116708616
1142,57150,0.23287938053779234
1143,57200,0.23294388305653316
1144,57250,0.23279401666752228
1145,57300,0.23273276258682934
1146,57350,0.23284708714414737
1147,57400,0.23267264345476701
1148,57450,0.23261374152437586
1149,57500,0.2326179324763622
1150,57550,0.23248329273547494
1151,57600,0.23252344003038367
1152,57650,0.23270530602770167
1153,57700,0.2326913090807543
1154,57750,0.23255402465568736
1155,57800,0.232999378735377
1156,57850,0.23293476443828115
1157,57900,0.23279208360452516
1158,57950,0.232742647102378
1159,58000,0.23279094271415177
1160,58050,0.2329302583513284
1161,58100,0.23302198256248205
1162,58150,0.2328796852737511
1163,58200,0.23287158097523916
1164,58250,0.23302075181498452
1165,58300,0.23335250286398748
1166,58350,0.23332189055580674
1167,58400,0.23336271093097874
1168,58450,0.23341819849737416
1169,58500,0.23354429752487074
1170,58550,0.23337345358600478
1171,58600,0.233681370026712
1172,58650,0.23353260564998052
1173,58700,0.23346003604924492
1174,58750,0.23344848264333168
1175,58800,0.23393871539736913
1176,58850,0.2337653818482951
1177,58900,0.23357666018126544
1178,58950,0.23374226642806906
1179,59000,0.2337085510735788
1180,59050,0.233662009473781
1181,59100,0.2334643258786255
1182,59150,0.23378956268622558
1183,59200,0.2336995285165348
1184,59250,0.2338616719377466
1185,59300,0.2339080498438279
1186,59350,0.23409369659134677
1187,59400,0.23393566138543068
1188,59450,0.23388939943081252
1189,59500,0.23387424943362325
1190,59550,0.2339465772637384
1191,59600,0.2340099321479473
1192,59650,0.23391386649198073
1193,59700,0.2338204624968396
1194,59750,0.23395427568452457
1195,59800,0.23413866339947245
1196,59850,0.23409761434744084
1197,59900,0.23428035899732144
1198,59950,0.2342447956394805
1199,60000,0.2342854779401735
1200,60050,0.23427864943533627
1201,60100,0.23414726824111648
1202,60150,0.23400846234130512
1203,60200,0.2339016738006793
1204,60250,0.2337079454828924
1205,60300,0.23384163872670577
1206,60350,0.23378669584481596
1207,60400,0.23393541688947714
1208,60450,0.23384797434099547
1209,60500,0.2336547115522839
1210,60550,0.23355320080815595
1211,60600,0.23389787354830227
1212,60650,0.23381376717923052
1213,60700,0.23366148359190794
1214,60750,0.2340252744307562
1215,60800,0.23388960220892563
1216,60850,0.23369741683324038
1217,60900,0.2336514591788429
1218,60950,0.23346660180811837
1219,61000,0.2334823734020616
1220,61050,0.23337564539516611
1221,61100,0.23339965167123194
1222,61150,0.23350470585333272
1223,61200,0.23361740738728917
1224,61250,0.2335771618082432
1225,61300,0.23341721509665372
1226,61350,0.23328612623091013
1227,61400,0.23327233580102766
1228,61450,0.23321991677238743
1229,61500,0.23310271862353166
1230,61550,0.2330160690960505
1231,61600,0.23298324658633457
1232,61650,0.2327942901819661
1233,61700,0.23281826475704243
1234,61750,0.23262974794347396
1235,61800,0.23247448044202276
1236,61850,0.23245636439437528
1237,61900,0.23237584623154164
1238,61950,0.2323084381993214
1239,62000,0.23229423885986286
1240,62050,0.23216158205529727
1241,62100,0.23199803302927866
1242,62150,0.23189042699521026
1243,62200,0.23189198928000437
1244,62250,0.23185171415115663
1245,62300,0.23177094684737962
1246,62350,0.23187657609133688
1247,62400,0.23179203244040647
1248,62450,0.2323521671411145
1249,62500,0.23221506790857838
1250,62550,0.2324932956224887
1251,62600,0.23234879723848273
1252,62650,0.23223244228394171
1253,62700,0.23232395171360198
1254,62750,0.23239526289546494
1255,62800,0.2323768415143162
1256,62850,0.2323467005093496
1257,62900,0.23244421988221806
1258,62950,0.23256594271291217
1259,63000,0.2326283378515598
1260,63050,0.23253031077715017
1261,63100,0.2323524292501926
1262,63150,0.23231810461200256
1263,63200,0.23247195214896782
1264,63250,0.2326344307670972
1265,63300,0.2324528015921979
1266,63350,0.23226933450333268
1267,63400,0.23239737485915962
1268,63450,0.23246496476155523
1269,63500,0.23274395728817088
1270,63550,0.23280791536596906
1271,63600,0.2327846069804786
1272,63650,0.23299664147311033
1273,63700,0.2335440328945125
1274,63750,0.23344024621967638
1275,63800,0.2333878571756263
1276,63850,0.23369530100437141
1277,63900,0.23372811963822912
1278,63950,0.2336592847488455
1279,64000,0.23389348316208255
1280,64050,0.23379698951824598
1281,64100,0.23379559004236644
1282,64150,0.23384086641255683
1283,64200,0.23391654824102617
1284,64250,0.23400013704701195
1285,64300,0.23401954436721722
1286,64350,0.23395575152802991
1287,64400,0.23385649271333492
1288,64450,0.2338251875627178
1289,64500,0.23368155015945075
1290,64550,0.2335005419873675
1291,64600,0.23349952494961443
1292,64650,0.23343181031990243
1293,64700,0.23349654092991493
1294,64750,0.23341521598729578
1295,64800,0.2332922614764342
1296,64850,0.23316507311144025
1297,64900,0.23323933055066232
1298,64950,0.2331416173704729
1299,65000,0.2331354308309571
1300,65050,0.2331897191616591
1301,65100,0.23307881826533453
1302,65150,0.2331662837073225
1303,65200,0.23321329867800916
1304,65250,0.23327309526704276
1305,65300,0.23322634783147608
1306,65350,0.2333555855733941
1307,65400,0.23336630129758465
1308,65450,0.23321147757200497
1309,65500,0.23304409104951387
1310,65550,0.23314013616719426
1311,65600,0.23302856472321365
1312,65650,0.23325583198746083
1313,65700,0.23324968223888407
1314,65750,0.233072306054672
1315,65800,0.23310279509713044
1316,65850,0.23308718565781897
1317,65900,0.23304031124923544
1318,65950,0.23295896690601456
1319,66000,0.23310869510124013
1320,66050,0.23322409832241459
1321,66100,0.23316653315882266
1322,66150,0.2330092380707236
1323,66200,0.23302697997893118
1324,66250,0.23287373525868257
1325,66300,0.23272161907992117
1326,66350,0.23275592011365914
1327,66400,0.2330499742523131
1328,66450,0.23323529576795426
1329,66500,0.2334629807054966
1330,66550,0.23334920546140903
1331,66600,0.23368497658646742
1332,66650,0.23359780117623144
1333,66700,0.2335527768834771
1334,66750,0.23341075721670188
1335,66800,0.23330911961791687
1336,66850,0.23330754910047477
1337,66900,0.23315362309706325
1338,66950,0.23316850057934824
1339,67000,0.23309795185137583
1340,67050,0.23307284625275979
1341,67100,0.23298267492196686
1342,67150,0.23295332447946893
1343,67200,0.2330360820053764
1344,67250,0.23294983240003592
1345,67300,0.23282544184996343
1346,67350,0.23288882081852724
1347,67400,0.23301759274958964
1348,67450,0.23284485917453435
1349,67500,0.2327305659112794
1350,67550,0.23301513621178593
1351,67600,0.23311326512026545
1352,67650,0.23299243547992166
1353,67700,0.2330054009802427
1354,67750,0.23307293905595378
1355,67800,0.23300306458635828
1356,67850,0.2330184751723322
1357,67900,0.2328468857208062
1358,67950,0.23285734772347313
1359,68000,0.23313045629533433
1360,68050,0.23339205394027276
1361,68100,0.23361468713075764
1362,68150,0.23348127225324158
1363,68200,0.23353512370025922
1364,68250,0.23369025556563972
1365,68300,0.23416192486283727
1366,68350,0.23411008352884966
1367,68400,0.23418003019723718
1368,68450,0.23407664099192485
1369,68500,0.23406045405511364
1370,68550,0.23404018397249043
1371,68600,0.23388144275221975
1372,68650,0.2337110993853208
1373,68700,0.23375500340484154
1374,68750,0.23365937451360008
1375,68800,0.23365743704230713
1376,68850,0.23370136457346033
1377,68900,0.23367211445710506
1378,68950,0.2335933931886066
1379,69000,0.23359460406160754
1380,69050,0.23356030167628866
1381,69100,0.23377251550270498
1382,69150,0.23411274159262968
1383,69200,0.23413141982713073
1384,69250,0.2340403550801037
1385,69300,0.23394340132722682
1386,69350,0.23391693481590534
1387,69400,0.23374840676488523
1388,69450,0.23359598376601404
1389,69500,0.23345264145115197
1390,69550,0.23367940562076026
1391,69600,0.23374055002102043
1392,69650,0.2336107099520055
1393,69700,0.2336787936056742
1394,69750,0.23364800589246504
1395,69800,0.23362151840289763
1396,69850,0.23366557452535686
1397,69900,0.23376219988241756
1398,69950,0.2336720445464403
1399,70000,0.2338706560160773
1400,70050,0.23375991224543952
1401,70100,0.2342237421010185
1402,70150,0.23433440516016413
1403,70200,0.23451737442940127
1404,70250,0.23438596595494315
1405,70300,0.23425691176574226
1406,70350,0.23419536637348276
1407,70400,0.2342396747272169
1408,70450,0.2342766148008247
1409,70500,0.23445146424108973
1410,70550,0.23428530445069914
1411,70600,0.23417340188572588
1412,70650,0.23469323524908858
1413,70700,0.23455643032094228
1414,70750,0.23462755575412853
1415,70800,0.2345233133880935
1416,70850,0.23446774118379085
1417,70900,0.23446966763281965
1418,70950,0.23430443178529828
1419,71000,0.23419152388272552
1420,71050,0.2342038500967768
1421,71100,0.23413819106617917
1422,71150,0.23409048658855017
1423,71200,0.2339557430093484
1424,71250,0.23383388731279475
1425,71300,0.23388387791229798
1426,71350,0.23374766996576515
1427,71400,0.23384263434575478
1428,71450,0.2337693922018162
1429,71500,0.23373680969391877
1430,71550,0.23361779926195136
1431,71600,0.23354024981453295
1432,71650,0.23349468639997398
1433,71700,0.2334516720244892
1434,71750,0.23332725912824237
1435,71800,0.23336339000855777
1436,71850,0.23320099377333958
1437,71900,0.23329614520172381
1438,71950,0.2332894240363902
1439,72000,0.23365746788731373
1440,72050,0.23360839589005372
1441,72100,0.23353947272019582
1442,72150,0.2334100322247113
1443,72200,0.23338135505098614
1444,72250,0.2334018649668144
1445,72300,0.23351329498498338
1446,72350,0.23346634571719319
1447,72400,0.23350775308269517
1448,72450,0.2335632854569681
1449,72500,0.23356034063042322
1450,72550,0.2335374190407602
1451,72600,0.23376711540673398
1452,72650,0.23363353026113873
1453,72700,0.23347284695284357
1454,72750,0.23340332467723424
1455,72800,0.23325726002149383
1456,72850,0.23326104996593264
1457,72900,0.2333159773277868
1458,72950,0.23330609024249682
1459,73000,0.2333756538778076
1460,73050,0.23321652368445187
1461,73100,0.23324700984706506
1462,73150,0.23324415656077946
1463,73200,0.23360400386212568
1464,73250,0.23391155676665262
1465,73300,0.23386636349100176
1466,73350,0.233797329318368
1467,73400,0.23392189978491168
1468,73450,0.23382076397992618
1469,73500,0.23379302668591279
1470,73550,0.23377387960737314
1471,73600,0.23365034735260873
1472,73650,0.23367087816783483
1473,73700,0.23362175799389776
1474,73750,0.23366902399164577
1475,73800,0.23352978383398243
1476,73850,0.23347279790327646
1477,73900,0.23331940671671314
1478,73950,0.23338403371530944
1479,74000,0.23355642040001331
1480,74050,0.23355377230217472
1481,74100,0.23360529174710382
1482,74150,0.23358651725970347
1483,74200,0.2335714666308129
1484,74250,0.2337064907340231
1485,74300,0.23366654256512912
1486,74350,0.23372740618047708
1487,74400,0.2335932496105135
1488,74450,0.23404809056605166
1489,74500,0.23403407472309035
1490,74550,0.2340472928333124
1491,74600,0.2339625385738541
1492,74650,0.23393804635673746
1493,74700,0.23381182782810467
1494,74750,0.23388391638314004
1495,74800,0.2337799307510952
1496,74850,0.23400488577059428
1497,74900,0.23384867423136158
1498,74950,0.23403931106735368
1499,75000,0.23408439663725927
1500,75050,0.23403972228885586
1501,75100,0.23400270117869432
1502,75150,0.2338899074238926
1503,75200,0.23421901976165405
1504,75250,0.23407710338647653
1505,75300,0.23397033127626835
1506,75350,0.23391476256174865
1507,75400,0.23410485210019266
1508,75450,0.23427966041717682
1509,75500,0.23416033233046024
1510,75550,0.2340622175009513
1511,75600,0.23408969709193664
1512,75650,0.23397929548390833
1513,75700,0.23384131487576384
1514,75750,0.23368696417287554
1515,75800,0.2335569168495565
1516,75850,0.23348913020789866
1517,75900,0.23351564158933052
1518,75950,0.23364536910258538
1519,76000,0.2338668524462832
1520,76050,0.2339496902610655
1521,76100,0.23387365877497954
1522,76150,0.2338536907238845
1523,76200,0.2337040673923136
1524,76250,0.23370753319896231
1525,76300,0.23361474051022876
1526,76350,0.2335635699982822
1527,76400,0.23357329807784588
1528,76450,0.23347095815340382
1529,76500,0.23338405832054798
1530,76550,0.2332845278799909
1531,76600,0.23321515039666665
1532,76650,0.23335853087207473
1533,76700,0.23329463492635027
1534,76750,0.23324436143530383
1535,76800,0.2333413803081949
1536,76850,0.23332726316775562
1537,76900,0.2332215903542869
1538,76950,0.23321730068947755
1539,77000,0.23347911692130363
1540,77050,0.23335201456857765
1541,77100,0.23357648271679482
1542,77150,0.23353904326189026
1543,77200,0.23346204561684072
1544,77250,0.23351704128624776
1545,77300,0.23361338205149715
1546,77350,0.23359898033970988
1547,77400,0.2335165583783575
1548,77450,0.23345389263742822
1549,77500,0.23333171251473125
1550,77550,0.2332074310170245
1551,77600,0.23306131929426263
1552,77650,0.233071148196294
1553,77700,0.2329465748913809
1554,77750,0.23298851588049593
1555,77800,0.23300785537173538
1556,77850,0.2328582035699552
1557,77900,0.23289022045552532
1558,77950,0.2328677338498885
1559,78000,0.23275767934412397
1560,78050,0.23260857128560758
1561,78100,0.23266815907533617
1562,78150,0.23255469690626007
1563,78200,0.23263293886633676
1564,78250,0.23271469974075973
1565,78300,0.23278949070152452
1566,78350,0.23267920118873314
1567,78400,0.23258573177422223
1568,78450,0.2327353142457292
1569,78500,0.23289217519100866
1570,78550,0.23281011553887618
1571,78600,0.2329199397144544
1572,78650,0.23310788175093847
1573,78700,0.2332509481278106
1574,78750,0.23318608063501095
1575,78800,0.23306584529898852
1576,78850,0.23337348111326184
1577,78900,0.2334087529184709
1578,78950,0.23331345690883798
1579,79000,0.2333367328194849
1580,79050,0.23339826077157597
1581,79100,0.23335740193619536
1582,79150,0.23333023921852344
1583,79200,0.2333219226158006
1584,79250,0.23330335612531933
1585,79300,0.23321457476842586
1586,79350,0.2331593925767198
1587,79400,0.2330995779090265
1588,79450,0.23313240139891045
1589,79500,0.2333213456931078
1590,79550,0.23358242217330968
1591,79600,0.23356380955744477
1592,79650,0.2334973044817621
1593,79700,0.23364997379334967
1594,79750,0.23366713604278205
1595,79800,0.23391215566784665
1596,79850,0.2338272917767609
1597,79900,0.23381647196631752
1598,79950,0.2338967563038455
1599,80000,0.23375057083115558
1600,80050,0.23372041596017207
1601,80100,0.2336325520135941
1602,80150,0.23352528536587058
1603,80200,0.2335877447385238
1604,80250,0.23348331465839428
1605,80300,0.23342734138203988
1606,80350,0.23332801321586313
1607,80400,0.23330454253999278
1608,80450,0.23327540885921247
1609,80500,0.23320042480768485
1610,80550,0.2332785372739967
1611,80600,0.23326348592354226
1612,80650,0.23332662426142337
1613,80700,0.23335050131465943
1614,80750,0.2335168732743551
1615,80800,0.23345855554364167
1616,80850,0.23351390326560478
1617,80900,0.23353261965488328
1618,80950,0.23339814225149147
1619,81000,0.23325406932417575
1620,81050,0.23315422090700527
1621,81100,0.2330705894162234
1622,81150,0.23292698461682954
1623,81200,0.23290331089851937
1624,81250,0.23284182773543405
1625,81300,0.23284629933854264
1626,81350,0.2327342321029866
1627,81400,0.23276459439417202
1628,81450,0.23262170636814736
1629,81500,0.2325131009735793
1630,81550,0.23238622282083163
1631,81600,0.23224382930194634
1632,81650,0.2321022168684729
1633,81700,0.23204599984414265
1634,81750,0.23194723223546745
1635,81800,0.23201729553165149
1636,81850,0.2319876924724857
1637,81900,0.23201071402650986
1638,81950,0.23199680744494755
1639,82000,0.23193427873070857
1640,82050,0.23202931981845262
1641,82100,0.23188970001063472
1642,82150,0.23189077215969772
1643,82200,0.23183705510914393
1644,82250,0.23180770953145044
1645,82300,0.23193558842583892
1646,82350,0.23179476536061377
1647,82400,0.23184941636097897
1648,82450,0.2318525034918692
1649,82500,0.23184658940134636
1650,82550,0.23173781767086152
1651,82600,0.23161314966198374
1652,82650,0.23154987870578564
1653,82700,0.23153073370051308
1654,82750,0.23141349375217463
1655,82800,0.23143997720410317
1656,82850,0.23179978846471197
1657,82900,0.23178223424877642
1658,82950,0.23176835555132352
1659,83000,0.23180933122923028
1660,83050,0.23185077898011827
1661,83100,0.23191587138331615
1662,83150,0.23185117137995906
1663,83200,0.23175644420545904
1664,83250,0.23183358270502993
1665,83300,0.23206747855936388
1666,83350,0.23195060647906074
1667,83400,0.23213864794614836
1668,83450,0.23236854608753146
1669,83500,0.23251848574463005
1670,83550,0.2324555698802407
1671,83600,0.2323175943808418
1672,83650,0.23237286223453588
1673,83700,0.23242587046049776
1674,83750,0.23281831704598252
1675,83800,0.232754318474318
1676,83850,0.232650102564885
1677,83900,0.23261445695702768
1678,83950,0.2324759135044029
1679,84000,0.23261442261762835
1680,84050,0.23286307874232315
1681,84100,0.23288944472347928
1682,84150,0.23289928525289888
1683,84200,0.23276174924648488
1684,84250,0.23280223867039468
1685,84300,0.23286194601838822
1686,84350,0.2328149009045586
1687,84400,0.23275242451032088
1688,84450,0.23287522973629804
1689,84500,0.23273743374237127
1690,84550,0.23266226007511376
1691,84600,0.23257007359343462
1692,84650,0.23277379156690986
1693,84700,0.2326363808280864
1694,84750,0.23253717738556873
1695,84800,0.23260585004104628
1696,84850,0.2325540646756007
1697,84900,0.23250057343098504
1698,84950,0.23242150361176359
1699,85000,0.23228478508022726
1700,85050,0.2322231533111307
1701,85100,0.2320867119754602
1702,85150,0.23203887283869687
1703,85200,0.23194282313655945
1704,85250,0.23192215707986896
1705,85300,0.23194376065199476
1706,85350,0.23181221473258862
1707,85400,0.23172696081030902
1708,85450,0.231591368674083
1709,85500,0.23149917671734907
1710,85550,0.23142830810150894
1711,85600,0.23139196939808834
1712,85650,0.2313756781807951
1713,85700,0.23135060952228187
1714,85750,0.23150609054059584
1715,85800,0.231432627689206
1716,85850,0.2313004565015884
1717,85900,0.23149692685695433
1718,85950,0.23137898394884066
1719,86000,0.2315356763137542
1720,86050,0.23144499185489312
1721,86100,0.2314793738285567
1722,86150,0.23169228722386698
1723,86200,0.23171358539611986
1724,86250,0.2318641125681387
1725,86300,0.2318828401336856
1726,86350,0.23181277977467138
1727,86400,0.23168605284968416
1728,86450,0.23158467765056712
1729,86500,0.23155532072226034
1730,86550,0.2315016423787713
1731,86600,0.23136798092243252
1732,86650,0.23133341619939832
1733,86700,0.231367152384054
1734,86750,0.2312989400037576
1735,86800,0.23127265671845224
1736,86850,0.23135742909308454
1737,86900,0.23141532355866856
1738,86950,0.23141934162095412
1739,87000,0.2314421327411655
1740,87050,0.23156165248961771
1741,87100,0.23144056673767435
1742,87150,0.23140885433164624
1743,87200,0.2312761657683827
1744,87250,0.23134919517401226
1745,87300,0.23126023872924018
1746,87350,0.23126026236117306
1747,87400,0.23119129912988143
1748,87450,0.23109620878399573
1749,87500,0.23106222314222014
1750,87550,0.23094543882627017
1751,87600,0.2308314919841731
1752,87650,0.23095484664439936
1753,87700,0.23107315599698539
1754,87750,0.23105954047371222
1755,87800,0.2310121700848502
1756,87850,0.23107067656428434
1757,87900,0.23124036395652423
1758,87950,0.23132190693780408
1759,88000,0.23119307292448485
1760,88050,0.23127730665784937
1761,88100,0.23114604825452484
1762,88150,0.23125367026653315
1763,88200,0.23129773078445168
1764,88250,0.23128634487536673
1765,88300,0.2313120975920942
1766,88350,0.23128918601039578
1767,88400,0.23140259529321835
1768,88450,0.23127178545981347
1769,88500,0.23123528549433608
1770,88550,0.23117042361807563
1771,88600,0.23109254047009972
1772,88650,0.23104876770040075
1773,88700,0.231069809538301
1774,88750,0.23097363639493687
1775,88800,0.2308474216894403
1776,88850,0.23090249830319276
1777,88900,0.23096066334741594
1778,88950,0.23091633143748683
1779,89000,0.23094684638325497
1780,89050,0.23087093060787625
1781,89100,0.23088620233424922
1782,89150,0.23093027368366353
1783,89200,0.23086544717908844
1784,89250,0.23088956016998471
1785,89300,0.2308339726565223
1786,89350,0.2308813344867773
1787,89400,0.2307991666755949
1788,89450,0.23101510537258782
1789,89500,0.2308915958311666
1790,89550,0.2310281404374738
1791,89600,0.23091752985374023
1792,89650,0.2307999171533057
1793,89700,0.23070564151341005
1794,89750,0.2305771146936254
1795,89800,0.2305590362049424
1796,89850,0.23052176451455184
1797,89900,0.2304395009313072
1798,89950,0.23042706054087655
1799,90000,0.23051119759407604
1800,90050,0.23058303217977133
1801,90100,0.2304601678797709
1802,90150,0.23058966019205834
1803,90200,0.23054393554455718
1804,90250,0.2304780892909405
1805,90300,0.23039324829964894
1806,90350,0.23068431077837326
1807,90400,0.23070975746999842
1808,90450,0.2306987667505053
1809,90500,0.23063518100617944
1810,90550,0.23060367606150103
1811,90600,0.2305456924274948
1812,90650,0.2305873907408671
1813,90700,0.23065349875945917
1814,90750,0.23111647083829887
1815,90800,0.23098920405920287
1816,90850,0.23096814522180892
1817,90900,0.2308779893458757
1818,90950,0.2307839094936683
1819,91000,0.2308266597592501
1820,91050,0.23088352338968615
1821,91100,0.2307568035634569
1822,91150,0.23087660954346334
1823,91200,0.2308338520964872
1824,91250,0.23090422449851236
1825,91300,0.23084389303858316
1826,91350,0.23079599833378078
1827,91400,0.23080649363604783
1828,91450,0.23083585967346026
1829,91500,0.23078448440625893
1830,91550,0.23077934049052787
1831,91600,0.23084637391793306
1832,91650,0.23084904469479375
1833,91700,0.23081543744109417
1834,91750,0.23068965246156223
1835,91800,0.23079505799574312
1836,91850,0.23066945709814968
1837,91900,0.23071179387537472
1838,91950,0.23072003097997568
1839,92000,0.23073140934966696
1840,92050,0.23060607995838522
1841,92100,0.23053960454039693
1842,92150,0.23062248949470415
1843,92200,0.2309907996611749
1844,92250,0.23108748218745642
1845,92300,0.23105023948196995
1846,92350,0.2310286924587969
1847,92400,0.23104107764795592
1848,92450,0.23110852250128006
1849,92500,0.23101587453081157
1850,92550,0.2312688245124754
1851,92600,0.2312321529768328
1852,92650,0.23129303136139764
1853,92700,0.231288930606954
1854,92750,0.23123742484560453
1855,92800,0.2312612888153236
1856,92850,0.23121693599621404
1857,92900,0.23109249200482748
1858,92950,0.23111136350229142
1859,93000,0.2311191033030989
1860,93050,0.23099491248993229
1861,93100,0.23098767578341964
1862,93150,0.23086969912926336
1863,93200,0.23074584199453738
1864,93250,0.23079362624849462
1865,93300,0.23074592729231166
1866,93350,0.23069276546699638
1867,93400,0.2306976619945543
1868,93450,0.23070142226095844
1869,93500,0.23076564388476206
1870,93550,0.2306627201902302
1871,93600,0.23073823665231
1872,93650,0.23080841777290084
1873,93700,0.23082238036907524
1874,93750,0.23120959620015716
1875,93800,0.23120755525991807
1876,93850,0.23142042446789107
1877,93900,0.23152184766302375
1878,93950,0.23171193735483617
1879,94000,0.23171949071566847
1880,94050,0.23171742619949962
1881,94100,0.2316540551456416
1882,94150,0.2315940773352885
1883,94200,0.2314711505426477
1884,94250,0.23167424913299764
1885,94300,0.23166266481850514
1886,94350,0.23180709688385304
1887,94400,0.23175002251205096
1888,94450,0.2317858161758574
1889,94500,0.23181096064084342
1890,94550,0.23168837419946803
1891,94600,0.23165623456486997
1892,94650,0.23154641078872695
1893,94700,0.23147250312926604
1894,94750,0.23157362585755384
1895,94800,0.23168275160574478
1896,94850,0.23156062047680132
1897,94900,0.23146461553062303
1898,94950,0.23159937691626395
1899,95000,0.23158736389481263
1900,95050,0.2314825033779225
1901,95100,0.23151532141754735
1902,95150,0.23156357679128112
1903,95200,0.2317124741163463
1904,95250,0.23169721106614619
1905,95300,0.23167360461561018
1906,95350,0.23160529831195356
1907,95400,0.23162517904003505
1908,95450,0.2315411935131294
1909,95500,0.23155818050956453
1910,95550,0.2315349123603891
1911,95600,0.2317463009320225
1912,95650,0.23162515806692474
1913,95700,0.23156254278961824
1914,95750,0.23167430834508815
1915,95800,0.23166234574519992
1916,95850,0.23161639515204663
1917,95900,0.23150808827897804
1918,95950,0.23141922225087044
1919,96000,0.23145158885777892
1920,96050,0.2313473491998051
1921,96100,0.23181280565985019
1922,96150,0.23183745424267455
1923,96200,0.23179445502421603
1924,96250,0.2319144288239528
1925,96300,0.23179401634792793
1926,96350,0.23193953543225565
1927,96400,0.23183577562799146
1928,96450,0.23195674507471076
1929,96500,0.23195400641427896
1930,96550,0.2319255133142543
1931,96600,0.2318204293432663
1932,96650,0.23190333882427247
1933,96700,0.23205378594606
1934,96750,0.23204213797921128
1935,96800,0.2319253893195684
1936,96850,0.2318295198904671
1937,96900,0.2318443105476112
1938,96950,0.23172919039108344
1939,97000,0.2316097423547994
1940,97050,0.23149175389607676
1941,97100,0.23147769981502245
1942,97150,0.23142691950077843
1943,97200,0.2313078727314879
1944,97250,0.23138360975592462
1945,97300,0.23150844639275894
1946,97350,0.2315878852769823
1947,97400,0.2316416012052751
1948,97450,0.23156870477303984
1949,97500,0.23147655473318424
1950,97550,0.2314517395295866
1951,97600,0.23144526367927726
1952,97650,0.2314871434513755
1953,97700,0.2314733289353394
1954,97750,0.23137621763647903
1955,97800,0.23149534650952366
1956,97850,0.23152267352583536
1957,97900,0.23161008381281475
1958,97950,0.23150216443230617
1959,98000,0.23170547476761985
1960,98050,0.2316140761373523
1961,98100,0.2315112805488524
1962,98150,0.23147812955005
1963,98200,0.2315130947844698
1964,98250,0.2316904224457046
1965,98300,0.23189718494786069
1966,98350,0.23208370435587133
1967,98400,0.2321118262595509
1968,98450,0.23211946971442823
1969,98500,0.23211263561941037
1970,98550,0.23230356053271967
1971,98600,0.23223315666251362
1972,98650,0.232390053487198
1973,98700,0.2325301436864963
1974,98750,0.23251266820724945
1975,98800,0.23250224325842814
1976,98850,0.23247286149900015
1977,98900,0.23249289580900856
1978,98950,0.2324110860489636
1979,99000,0.23230001743186654
1980,99050,0.2324197422304337
1981,99100,0.23234225559215022
1982,99150,0.23230107903532796
1983,99200,0.23220496582544653
1984,99250,0.23247058976978507
1985,99300,0.23266662477189734
1986,99350,0.23275680705473212
1987,99400,0.2326748580788169
1988,99450,0.23267026714517774
1989,99500,0.23256979969767824
1990,99550,0.232679914091657
1991,99600,0.23261440083761425
1992,99650,0.23260729994629104
1993,99700,0.23259622612412117
1994,99750,0.23268552762330325
1995,99800,0.23280116534302403
1996,99850,0.2328245350827643
1997,99900,0.23270800628642657
1998,99950,0.23269931854190729
1999,100000,0.23263654650206492
