,Nb_iterations,Call_down_and_out,Call_EU
0,50,3.5825935792070664,2.1833406089530762
1,100,3.094826354262178,2.5305549234364446
2,150,3.0705077163230423,2.5148688522284743
3,200,2.79989014318934,3.1094152232599304
4,250,2.9023646395100093,3.3438632078858754
5,300,3.036602961225232,3.4727187567482165
6,350,3.0339125393156237,3.4192727906986446
7,400,3.125435070181972,3.3025232103869335
8,450,3.131048672177382,3.3015865763779058
9,500,3.1853342614570126,3.2898273260439534
10,550,3.2579842044900293,3.3511859347315283
11,600,3.3097683146145327,3.2817642777900007
12,650,3.3397925787414646,3.249686294619053
13,700,3.2848998874719757,3.3416742557892105
14,750,3.32778431422712,3.5053002159320545
15,800,3.298875388650278,3.442529750984168
16,850,3.307617463239714,3.4637472875761177
17,900,3.2875092185340042,3.4982566201506073
18,950,3.297732058717645,3.5004198736372456
19,1000,3.2094170189986393,3.535217959456445
20,1050,3.2392753825180853,3.545948315918393
21,1100,3.2439262979699803,3.557666935973432
22,1150,3.2853090785017405,3.5375609552260654
23,1200,3.23971612903945,3.5929714256136243
24,1250,3.2833865008297534,3.5585361628018846
25,1300,3.283360628979377,3.559238786438496
26,1350,3.263072436619957,3.561574067109754
27,1400,3.2324528880975554,3.538541071527318
28,1450,3.2436064967686065,3.5762772770121813
29,1500,3.254021891393924,3.569525052748054
30,1550,3.272317022460617,3.521418688683432
31,1600,3.315297841123612,3.5350421587023293
32,1650,3.289036518956922,3.5339711787407206
33,1700,3.29388571237323,3.5532656134926848
34,1750,3.281581383790683,3.634559801026381
35,1800,3.2699970153798974,3.5917252795924175
36,1850,3.2648191468238714,3.5509704613390594
37,1900,3.2628279987546556,3.536042964906429
38,1950,3.2613847279289514,3.539618426865431
39,2000,3.286510714821354,3.5364715591890428
40,2050,3.2983839005776643,3.5488914928925706
41,2100,3.2979602445038285,3.5717128457237086
42,2150,3.326301563717734,3.5887903182901435
43,2200,3.3157523823561754,3.6340061374872636
44,2250,3.3273486747174306,3.6209072002409224
45,2300,3.35274781744038,3.6272484586064393
46,2350,3.343330358312243,3.6067871525260684
47,2400,3.349728094998598,3.618180465013318
48,2450,3.348735575046376,3.610515254853214
49,2500,3.3286792287298366,3.620100413887937
50,2550,3.327279632138091,3.6223299833748612
51,2600,3.355409414014904,3.618916883226681
52,2650,3.3390208596599593,3.6161059322166857
53,2700,3.3277426145729705,3.6225310162359023
54,2750,3.303991816952526,3.6455510713036916
55,2800,3.30230117791644,3.6477617365340755
56,2850,3.3005460058318232,3.645264159377741
57,2900,3.284329795133095,3.6385070857999278
58,2950,3.307779105415613,3.6329819033520065
59,3000,3.310037732529237,3.629150028493812
60,3050,3.3138735699230306,3.6201523995325493
61,3100,3.3142490651851952,3.6325567458354953
62,3150,3.2905829584738044,3.6357074269760616
63,3200,3.2942480974142376,3.623992340031879
64,3250,3.2949214101572766,3.600022598401255
65,3300,3.289943474808581,3.588449832383583
66,3350,3.2746572219578582,3.5827742927312314
67,3400,3.2694838324044717,3.5843984451105597
68,3450,3.2802751454493166,3.567729582132601
69,3500,3.279754899909849,3.558634336916913
70,3550,3.287287782835871,3.5605603215254513
71,3600,3.276886846000367,3.5516364045988986
72,3650,3.275799966576745,3.5441593351007854
73,3700,3.276135067806363,3.5384494390439762
74,3750,3.276362146875422,3.5334701250065947
75,3800,3.2661512034506264,3.5320002901127006
76,3850,3.254545373638821,3.518287766934116
77,3900,3.2525541382075454,3.516663092212225
78,3950,3.25663759125542,3.5077838008022084
79,4000,3.2527052963713374,3.5008924204920264
80,4050,3.254023980951399,3.492776765546896
81,4100,3.239972276517404,3.495080092913846
82,4150,3.2536638847338,3.489694451797494
83,4200,3.2420585989111617,3.4800603231867524
84,4250,3.2388102668230494,3.4818055766062286
85,4300,3.2450287972447827,3.478980105709539
86,4350,3.2700144356468663,3.4893298000564013
87,4400,3.2585631446998815,3.5124812033700947
88,4450,3.2548800712095325,3.507270046263222
89,4500,3.257149329587086,3.497651092874689
90,4550,3.261432399623467,3.4984260992018177
91,4600,3.2653631363415445,3.503974718151797
92,4650,3.2545550540513553,3.4989016994753417
93,4700,3.2528042171973834,3.5148348126888913
94,4750,3.255302334638964,3.5332306033132412
95,4800,3.264275595108738,3.534176995715213
96,4850,3.253708351095704,3.534409488453008
97,4900,3.2568150226249117,3.554355715576113
98,4950,3.245798936862441,3.5655538462822425
99,5000,3.246545671164635,3.577688082724982
100,5050,3.2467344906628686,3.5841060841350183
101,5100,3.2524707408318396,3.583141824729951
102,5150,3.258880328570926,3.573982183821541
103,5200,3.258903231909058,3.570408857288663
104,5250,3.25485685349351,3.5638597940893266
105,5300,3.250407292111436,3.5657004867069384
106,5350,3.242714173328188,3.5576127057099547
107,5400,3.2353846716826613,3.5473328272184963
108,5450,3.221716150221086,3.5507998205118194
109,5500,3.2233453161262804,3.5323707155021222
110,5550,3.2270941774755912,3.5378567733942266
111,5600,3.222028284044794,3.5364248913107508
112,5650,3.2250504696269764,3.523422995657771
113,5700,3.2247632016469012,3.5203738189960023
114,5750,3.221245093557753,3.5120844116370438
115,5800,3.213381491323319,3.510454731453025
116,5850,3.218707475538841,3.5052232514456807
117,5900,3.228744219613329,3.5086678368185567
118,5950,3.2234620171667805,3.5120206007417143
119,6000,3.221871805443934,3.5027222446844766
120,6050,3.2209010609478796,3.505836856619452
121,6100,3.2196588249116416,3.4921667348628875
122,6150,3.217517443094126,3.511843237273675
123,6200,3.2203236717350467,3.497557589858658
124,6250,3.225979399851172,3.487714240797835
125,6300,3.2226143682804813,3.4719545268926413
126,6350,3.223453886816396,3.4743584889863546
127,6400,3.2201509100238797,3.4746471619012937
128,6450,3.2202251460449,3.4673964788460805
129,6500,3.2098516136254953,3.4586960381001433
130,6550,3.2078421549557046,3.461417198542869
131,6600,3.2140372694871866,3.464593790595048
132,6650,3.2247590100194854,3.468941263918208
133,6700,3.216706729357358,3.4630082640741753
134,6750,3.211196133412553,3.4704688753112425
135,6800,3.207778634343282,3.4701197509192285
136,6850,3.205896811537611,3.466156907501175
137,6900,3.2184757044438266,3.463703947713173
138,6950,3.2191535623638647,3.4746046319226975
139,7000,3.2258158956360927,3.4762494706517795
140,7050,3.2189218719509323,3.471660290591039
141,7100,3.2129905879740863,3.471852100150327
142,7150,3.2092709242008026,3.467121844018186
143,7200,3.198616663088328,3.4692753501543505
144,7250,3.194845840119262,3.4588220792522293
145,7300,3.2002641646758034,3.4470656407131726
146,7350,3.2027067252758763,3.4432696785660575
147,7400,3.1976487256762725,3.4449211770677937
148,7450,3.195361355056572,3.443952265739022
149,7500,3.1930153171287654,3.4379522368693536
150,7550,3.1913865065430875,3.4369778738169567
151,7600,3.1928481746167576,3.4307712334611704
152,7650,3.188898195248064,3.426768150221492
153,7700,3.1999413059900403,3.4401031076282966
154,7750,3.2075735594835892,3.437309353603971
155,7800,3.203851399534812,3.437820359172465
156,7850,3.2045322825987137,3.4316977678232328
157,7900,3.2007208742673665,3.438265370716156
158,7950,3.1956241759738884,3.4300573701930634
159,8000,3.1980414540133557,3.4202134502523096
160,8050,3.1958081882720846,3.422065173368349
161,8100,3.1935810041895474,3.4242702206149236
162,8150,3.2004809822616327,3.4182909599581244
163,8200,3.196875001596246,3.4211081557537115
164,8250,3.1914204110274906,3.409349401472546
165,8300,3.18346371678508,3.4118858098317397
166,8350,3.1876510246425,3.4111322930920474
167,8400,3.205847694557152,3.407110220980108
168,8450,3.209919391996091,3.4078404388793624
169,8500,3.2088663728253968,3.4057599620013503
170,8550,3.202938042881313,3.403845579808859
171,8600,3.210161002852369,3.392162808950382
172,8650,3.211070224674713,3.394168534062483
173,8700,3.2165457548154577,3.3918002232842626
174,8750,3.212201887461103,3.390402692886617
175,8800,3.2137780372298255,3.387986470289985
176,8850,3.2140340867287733,3.388893067979271
177,8900,3.206259468258204,3.382829459420902
178,8950,3.2012626912163387,3.3829705918915667
179,9000,3.208683787279203,3.3801639829982957
180,9050,3.2138919071069276,3.378952299474419
181,9100,3.216523850888897,3.3837348193727474
182,9150,3.2163225139749585,3.3827618330255187
183,9200,3.212914134982971,3.3879085615437523
184,9250,3.210604696338175,3.3956210384430117
185,9300,3.206137872909425,3.3935881217494615
186,9350,3.2015993576125057,3.3895357174556686
187,9400,3.202795423411189,3.390030162585242
188,9450,3.203059722265113,3.388031435403209
189,9500,3.202175130699185,3.3870197024124735
190,9550,3.206251678706203,3.390700878097678
191,9600,3.202597379920099,3.386352599128981
192,9650,3.2052128267283644,3.3887427525268783
193,9700,3.206102712694308,3.3921782553763076
194,9750,3.2126692870306246,3.400335246805089
195,9800,3.2112419669699204,3.4104027836425943
196,9850,3.2063103187554747,3.410760747171887
197,9900,3.2121561271997945,3.4101564247136755
198,9950,3.21461482438282,3.4124592723913527
199,10000,3.221716494372832,3.4131033259540917
200,10050,3.2219838606741042,3.412157629349317
201,10100,3.217355531011495,3.4126043016064846
202,10150,3.2147088807752944,3.4098892617306995
203,10200,3.2184287330101884,3.4107511068763348
204,10250,3.2196450774708962,3.408403829324195
205,10300,3.2222514064995424,3.4070163969464664
206,10350,3.2206392998192297,3.4068966642368026
207,10400,3.224204699033312,3.406857865504206
208,10450,3.228637561278714,3.4062739861101945
209,10500,3.226388104649394,3.4030575135086574
210,10550,3.2223979836569088,3.400824760479146
211,10600,3.219102326508942,3.401961863726246
212,10650,3.2097948595369865,3.405833415401322
213,10700,3.205368528528883,3.404926480328754
214,10750,3.1983270835823596,3.3979581194365607
215,10800,3.193837594252256,3.3967572254534613
216,10850,3.192705775925852,3.3922483299471176
217,10900,3.1932732069742404,3.3992434937607787
218,10950,3.1871476612903384,3.399385190300209
219,11000,3.182967630960027,3.4042058050883894
220,11050,3.1826976240112734,3.404260705513436
221,11100,3.1779146033977828,3.402394881674606
222,11150,3.17750664711431,3.4051725755378097
223,11200,3.181541900944612,3.400046011974001
224,11250,3.185310226962,3.4008503384091915
225,11300,3.1885757808272883,3.3991164765207547
226,11350,3.1916583271362833,3.4041757574527187
227,11400,3.192604288437946,3.3989361749401454
228,11450,3.1973614931256558,3.396581146962841
229,11500,3.2025032501478643,3.399275385826609
230,11550,3.204783381220558,3.3998099657673917
231,11600,3.197192236977551,3.401318228611831
232,11650,3.1938394941720145,3.402977404737988
233,11700,3.191353953155023,3.4003589682252904
234,11750,3.1879250602417417,3.3980729884643552
235,11800,3.1884903396541864,3.3948822561878074
236,11850,3.1908838654521716,3.3935226157361904
237,11900,3.192941222018951,3.395879702774755
238,11950,3.194113843448773,3.392244937106162
239,12000,3.1891891189535784,3.3956242311740263
240,12050,3.186605940773159,3.3918171277296256
241,12100,3.1812107027468994,3.3915149035621717
242,12150,3.183100117277549,3.388330518492651
243,12200,3.182973457256747,3.387870060379105
244,12250,3.1847661536677654,3.390136717450868
245,12300,3.1872466785952858,3.383885742032991
246,12350,3.1879585731797193,3.383334670126112
247,12400,3.190458567436386,3.383773971668247
248,12450,3.185673957977039,3.385024181386296
249,12500,3.18833805391694,3.387309850763989
250,12550,3.186224057960279,3.388238221884357
251,12600,3.185423313689435,3.3951126477199263
252,12650,3.187707397508642,3.3933261974965077
253,12700,3.1848344157677086,3.389963799469279
254,12750,3.1799061867624627,3.3896405178557893
255,12800,3.181321441135754,3.3894162844437052
256,12850,3.186953932102726,3.3936066707769585
257,12900,3.183265673928836,3.3976549813343784
258,12950,3.186031029791217,3.39454662158337
259,13000,3.190822020540451,3.395421774764901
260,13050,3.1904423510924316,3.3996381002277096
261,13100,3.185424463202114,3.3993987971315596
262,13150,3.187675781245682,3.40007821948307
263,13200,3.191184563622955,3.402768185829792
264,13250,3.188730754391811,3.4070669891262293
265,13300,3.1892390388911016,3.409092751116408
266,13350,3.1917592480434513,3.4071539268822457
267,13400,3.193435606801723,3.40520399591818
268,13450,3.1972494573851726,3.4072356130944703
269,13500,3.198204271982199,3.406475814070346
270,13550,3.1972726892757692,3.407526168392042
271,13600,3.19778146689311,3.4075902349243776
272,13650,3.19926998412935,3.402568679932556
273,13700,3.1941897437250195,3.4126017153320802
274,13750,3.1917735413456882,3.408486046651409
275,13800,3.1876361350869606,3.4044330085549523
276,13850,3.186576070417764,3.403528549451131
277,13900,3.194680052453289,3.400893425347391
278,13950,3.1949630963927818,3.3984146495062486
279,14000,3.1991970540172256,3.404197981702337
280,14050,3.1979202168114176,3.4050865770305903
281,14100,3.1961152463016766,3.40477081600073
282,14150,3.1976207313415643,3.4083089953388153
283,14200,3.1946048358037777,3.4075946793106744
284,14250,3.192751619255506,3.406761157370963
285,14300,3.192218982786094,3.405946623008685
286,14350,3.191028426201292,3.4044794458911216
287,14400,3.1907190734214015,3.4045780418152183
288,14450,3.1867231161328777,3.4063658377981145
289,14500,3.1880343340941573,3.4105599181011796
290,14550,3.1880305602829777,3.411876749740753
291,14600,3.1864965781040886,3.4098177836334043
292,14650,3.18658654204268,3.4089892782282045
293,14700,3.189960630759755,3.4126494076659055
294,14750,3.188099340462561,3.410566578820116
295,14800,3.1869491527780403,3.4093137068184736
296,14850,3.187612612724758,3.40715526062959
297,14900,3.1855339523530395,3.4128448140438055
298,14950,3.18689606948553,3.4121107327451563
299,15000,3.19049561359976,3.4196326264571217
300,15050,3.188050761468518,3.417523329464864
301,15100,3.1842480957665606,3.415764763087833
302,15150,3.181279589914729,3.415699999984118
303,15200,3.178944867599248,3.418950622366073
304,15250,3.1745889737427695,3.4176753055173754
305,15300,3.17187878451437,3.4127202241088943
306,15350,3.175372174443611,3.4155224992836892
307,15400,3.177264479916483,3.415762148921314
308,15450,3.1778202578058212,3.41569584079871
309,15500,3.1753675441675844,3.416517405589667
310,15550,3.1744488058938476,3.416766722915463
311,15600,3.181173634021746,3.41823158412031
312,15650,3.179934554435993,3.418575699653128
313,15700,3.1790554749200712,3.4168903462482545
314,15750,3.1794209643335902,3.417226643802874
315,15800,3.1775433358094243,3.4176125837546008
316,15850,3.1780557375347374,3.4177219829975427
317,15900,3.1728982190766026,3.4139321547836103
318,15950,3.169683121078851,3.4163739938389526
319,16000,3.1723053315311955,3.413870102839188
320,16050,3.172546094215103,3.417700559837548
321,16100,3.170814399109228,3.416225414859909
322,16150,3.17329718080247,3.4126465813236853
323,16200,3.174505164888783,3.409592050310187
324,16250,3.175646994981431,3.405405645014928
325,16300,3.174440833592608,3.406429380242262
326,16350,3.175245894834372,3.4060016490044465
327,16400,3.174330265730834,3.408450766176164
328,16450,3.1715158564707213,3.4078408290117
329,16500,3.169656236018442,3.4069123331462055
330,16550,3.170308373181898,3.4061250487463353
331,16600,3.1699734185797914,3.4073693166575443
332,16650,3.1720234231558013,3.408785827384488
333,16700,3.1742768044502476,3.4109943662702986
334,16750,3.1753310633421155,3.4063816641097717
335,16800,3.174598772896407,3.4057609111806952
336,16850,3.17072986970202,3.4007455083884848
337,16900,3.1714100213540486,3.4029939795510726
338,16950,3.1690871495605863,3.405826117156591
339,17000,3.167189651326546,3.402509194121377
340,17050,3.169436375995881,3.4066883594163855
341,17100,3.1673381127179074,3.406398906002869
342,17150,3.1659936407870948,3.404597806954677
343,17200,3.16440635630059,3.405035680447463
344,17250,3.1672341445258767,3.40517868337277
345,17300,3.165532227868399,3.4088340123403595
346,17350,3.166594018719785,3.4106066991220305
347,17400,3.1648469540826154,3.408930867466435
348,17450,3.163037401614774,3.4075835577978264
349,17500,3.1643381325599487,3.4087268308235794
350,17550,3.1627997165294075,3.4121867489146114
351,17600,3.163763711779644,3.410147338893118
352,17650,3.1618457389146464,3.41159200898747
353,17700,3.1610458043043104,3.4097784502680755
354,17750,3.162657922626797,3.4100709210800124
355,17800,3.1651481724593147,3.4126068515900108
356,17850,3.1647247410092003,3.4154016258256545
357,17900,3.161041300535082,3.413490595008322
358,17950,3.160780754856105,3.411223272916103
359,18000,3.160273523076348,3.4109454690632357
360,18050,3.160982002523983,3.4108724013224827
361,18100,3.158028952239592,3.411121564836506
362,18150,3.1605399288828453,3.4092958382972123
363,18200,3.1632660772100554,3.408104692860597
364,18250,3.1656129719083976,3.408547235529569
365,18300,3.168774545462959,3.414366980576453
366,18350,3.1685690490065728,3.41681612602549
367,18400,3.1707861015559766,3.4171996492463323
368,18450,3.174316691313429,3.417929012607492
369,18500,3.1755646061713936,3.41576759986167
370,18550,3.173751473912632,3.4136980089997517
371,18600,3.1770666795889384,3.415709542233198
372,18650,3.1734271736427115,3.411388014845909
373,18700,3.1748566497565207,3.4105096560531254
374,18750,3.174322025534103,3.4080428757505903
375,18800,3.1711768151559765,3.4045872215946487
376,18850,3.1732406375634343,3.40631054192668
377,18900,3.1748151167810073,3.406135575697848
378,18950,3.1713266424655275,3.4093152233657853
379,19000,3.173661705268954,3.409944827459932
380,19050,3.1727579078891464,3.4084289498294797
381,19100,3.1745154679404664,3.406962571635349
382,19150,3.172677383530263,3.403330975091025
383,19200,3.1753948696990353,3.4030368241518154
384,19250,3.1734706768048984,3.403092027081078
385,19300,3.173794554989223,3.4023739241774944
386,19350,3.1753180628073183,3.3995726270454627
387,19400,3.1772515962258665,3.398351311003612
388,19450,3.1793192945947464,3.3975998625522466
389,19500,3.1814622620450352,3.398314207377871
390,19550,3.184033496302095,3.3936549010260793
391,19600,3.1849514189474672,3.394321782117623
392,19650,3.184465497010728,3.3936830704001846
393,19700,3.1805975657001584,3.391227105721833
394,19750,3.182784483182176,3.3879643878715124
395,19800,3.1811427675454467,3.389175510366883
396,19850,3.1800977748171424,3.38885267603245
397,19900,3.1832547991587465,3.3888099697663296
398,19950,3.18203704375329,3.3928835103614077
399,20000,3.181670103655412,3.393870119517957
400,20050,3.181738677668658,3.395816981312498
401,20100,3.1887167233302334,3.3945110799292038
402,20150,3.192943076331885,3.394378916886183
403,20200,3.1924733123150304,3.3925858500801622
404,20250,3.1918328809124046,3.3935725517567494
405,20300,3.192052324870929,3.394123039321545
406,20350,3.190474548611036,3.3945600140964616
407,20400,3.1885230425882742,3.396054556170462
408,20450,3.187336518488912,3.397999707133419
409,20500,3.185549279839403,3.399363898225444
410,20550,3.18550976784738,3.3977109025013683
411,20600,3.1838622844995528,3.3990135403079043
412,20650,3.188858872265884,3.399683463129545
413,20700,3.1893983880587253,3.401393750794631
414,20750,3.1895911002485806,3.4007211698783713
415,20800,3.191272860722048,3.402895989668612
416,20850,3.189594113048842,3.4036465115523877
417,20900,3.1888143082506346,3.4038824214594703
418,20950,3.189127237972128,3.4059243468825495
419,21000,3.1911209592112115,3.404780422518902
420,21050,3.190560788598424,3.4059650264544152
421,21100,3.1893308676750904,3.4037482559565575
422,21150,3.1904138067444623,3.404967302159269
423,21200,3.191290663941038,3.4053698693744328
424,21250,3.193695222124115,3.405041067487705
425,21300,3.1940332567528436,3.4042343246618727
426,21350,3.192065695060243,3.404492198325252
427,21400,3.1923890576378295,3.404664739618311
428,21450,3.1933663911934804,3.404248453379358
429,21500,3.191941637470787,3.403925897872113
430,21550,3.19203402152985,3.4014715479244733
431,21600,3.1930227613414535,3.40256391252835
432,21650,3.190119281843758,3.402777718233397
433,21700,3.1891505664673723,3.399873869993246
434,21750,3.19200971702438,3.3983536008511956
435,21800,3.1888609406383046,3.397945612778706
436,21850,3.185784438163442,3.3975821122514676
437,21900,3.1863429260768,3.3987923144450916
438,21950,3.1873753533602724,3.4000165829239886
439,22000,3.188757472362272,3.3974120721141463
440,22050,3.188121111486845,3.3961348647493503
441,22100,3.1888979779673656,3.3971804149564067
442,22150,3.1887785775612856,3.3982589843537756
443,22200,3.188781078423824,3.396950575210534
444,22250,3.1897579970930003,3.394083425641301
445,22300,3.1882811858566638,3.3954782789015674
446,22350,3.1875085368965004,3.3956611928928644
447,22400,3.189150542344959,3.394264351186903
448,22450,3.192807453592981,3.393768119914834
449,22500,3.196628273743965,3.39535995603198
450,22550,3.198454770909642,3.3975468994863105
451,22600,3.201826221552204,3.3983991771088484
452,22650,3.199340760293052,3.4006278865547537
453,22700,3.200124024834237,3.400029726628712
454,22750,3.1997744769504157,3.3981727981239325
455,22800,3.200561012557882,3.3975038043755053
456,22850,3.202714536077721,3.39794289419296
457,22900,3.203942335057973,3.4023291366674995
458,22950,3.2050960475815655,3.4026515964339636
459,23000,3.2034249154574206,3.4003949223983962
460,23050,3.202725807304516,3.4022004451053265
461,23100,3.206070755875914,3.4008368943432887
462,23150,3.2031471034850436,3.403780277995557
463,23200,3.2024893570437523,3.40357473890678
464,23250,3.2045498407886615,3.403301217828044
465,23300,3.2058028199440205,3.404014982393662
466,23350,3.2085018250106874,3.404143570266023
467,23400,3.2057994567555546,3.405236564898272
468,23450,3.204181132002802,3.4060358719412123
469,23500,3.2063878618200863,3.403778319973648
470,23550,3.2074924102786606,3.404007506005201
471,23600,3.208112967734419,3.4050445072633457
472,23650,3.2085615954082125,3.4026906316203753
473,23700,3.2096881683237566,3.4010653917578417
474,23750,3.2107583709350673,3.40041918402879
475,23800,3.2111394218770757,3.3997338460215225
476,23850,3.211645135194353,3.398824618276743
477,23900,3.212282339344453,3.3992628120761776
478,23950,3.2128034573579747,3.3991450727411814
479,24000,3.2104284958942895,3.401898179736366
480,24050,3.211643080255208,3.400279380516969
481,24100,3.2112969371637403,3.4018869299157903
482,24150,3.211012824890971,3.402590899954839
483,24200,3.2131588916475353,3.4013832079091344
484,24250,3.2149525979647393,3.402199435116925
485,24300,3.2136545683315014,3.405801891899204
486,24350,3.213677285461194,3.4048994618222967
487,24400,3.2140891084186416,3.4061178187800887
488,24450,3.2147915197317634,3.405596719350365
489,24500,3.213154866973489,3.4061039179067176
490,24550,3.2122201562930393,3.406421109308905
491,24600,3.2133454021871852,3.4065873502836905
492,24650,3.2135866160719644,3.4087129854410607
493,24700,3.2122561766170685,3.4127444087005627
494,24750,3.210490258057415,3.4134353047144415
495,24800,3.211607615722042,3.41344161525885
496,24850,3.210962310207637,3.4126730733781874
497,24900,3.2102119402534317,3.4147533278300566
498,24950,3.2111271013874267,3.4132416056133317
499,25000,3.2124228564576036,3.411886196789707
500,25050,3.213889582097706,3.411601649643781
501,25100,3.2110177474947146,3.4115693340921642
502,25150,3.2116233211518876,3.4102494100116667
503,25200,3.21178227269496,3.4105018789262624
504,25250,3.2120903222045656,3.4071360898219325
505,25300,3.210820081817338,3.4053165880507823
506,25350,3.2108257557794033,3.4055467965769153
507,25400,3.207745572556077,3.4027913033529145
508,25450,3.2082301578538095,3.4021387862347514
509,25500,3.2062064123814267,3.3995547962819153
510,25550,3.2088622236850624,3.4027215007551503
511,25600,3.208436487846819,3.4031876171831588
512,25650,3.2123792347433806,3.402872444383575
513,25700,3.213723313651681,3.403945976812987
514,25750,3.212377790068006,3.401654119444233
515,25800,3.214093404480154,3.401657258584762
516,25850,3.214252764090542,3.4003559262987375
517,25900,3.215066713853996,3.4008570307467747
518,25950,3.2180747815394257,3.39981284976376
519,26000,3.2177010572016473,3.3995045851835886
520,26050,3.217320188709499,3.398955234837043
521,26100,3.213582211540538,3.3993137802935087
522,26150,3.214373406970752,3.4002116830388145
523,26200,3.215482106593741,3.3994014001124793
524,26250,3.2157633977553557,3.400193129685851
525,26300,3.214558135113735,3.3982678856469426
526,26350,3.215612169930926,3.398622863092492
527,26400,3.2171827097872976,3.398237578589432
528,26450,3.2163098679061117,3.400316088230343
529,26500,3.2184928357587768,3.4013060404375426
530,26550,3.2219646735577743,3.400504697366616
531,26600,3.222213239140687,3.399079636526097
532,26650,3.222035793212331,3.398789623075467
533,26700,3.2205887574503063,3.3969256257513933
534,26750,3.2173611465007155,3.3950237598996442
535,26800,3.219178247459909,3.3937918381122136
536,26850,3.2189598383589257,3.392826163206807
537,26900,3.2201268983416975,3.393824469213551
538,26950,3.2204641767132745,3.3910997119023385
539,27000,3.222979885845997,3.393074937593875
540,27050,3.224210054891961,3.3919351195593497
541,27100,3.226891169405081,3.393755841822749
542,27150,3.226585390672223,3.396529891254765
543,27200,3.2259721863310213,3.396066256496333
544,27250,3.225833524686981,3.397464945773451
545,27300,3.2244556766226307,3.39814542619524
546,27350,3.2265793332608617,3.3987256442782363
547,27400,3.2250363187761106,3.397864981825228
548,27450,3.226487576531503,3.397536528952985
549,27500,3.2284708393315733,3.3955076553717194
550,27550,3.227981120048964,3.3987086714501875
551,27600,3.2278200897782767,3.4005642897245463
552,27650,3.229895347689152,3.400470339938797
553,27700,3.2298374271390675,3.4006382968124806
554,27750,3.2304312468642644,3.4006523038555807
555,27800,3.2289762700331344,3.402840353967811
556,27850,3.2267360334875104,3.4074456200870493
557,27900,3.225112454422928,3.4070695620220692
558,27950,3.2241346380821225,3.4070708584497615
559,28000,3.224568944591322,3.4088030053578406
560,28050,3.2262043228805846,3.408646365287008
561,28100,3.2273978076464487,3.4095325134344043
562,28150,3.225578700214897,3.4102040028937264
563,28200,3.223011422337249,3.409468167709904
564,28250,3.2234444226805308,3.4081748561335434
565,28300,3.2222076637805026,3.4073900178449046
566,28350,3.2224564873761152,3.4066923602988033
567,28400,3.223707298217291,3.407024757805776
568,28450,3.2247498425751537,3.406948359772403
569,28500,3.225238624131367,3.4069040962247814
570,28550,3.22299170936083,3.408894109719627
571,28600,3.2211179390628293,3.4088182276735233
572,28650,3.2217292688895216,3.4082213486758963
573,28700,3.2228160093204807,3.4082052555180025
574,28750,3.223087368348408,3.4071879313743647
575,28800,3.2226379135558183,3.407044464618729
576,28850,3.2214030989087656,3.408311557214976
577,28900,3.222364855341152,3.4083748188357395
578,28950,3.221798261337191,3.4093144181156476
579,29000,3.2247480068854766,3.4109948113052595
580,29050,3.2235361289457702,3.4105844172389617
581,29100,3.223088477062955,3.409764914863182
582,29150,3.225566141550519,3.4093820318229255
583,29200,3.225616134383006,3.4070390126867527
584,29250,3.2241706049340944,3.4091504161146284
585,29300,3.2229242873378285,3.4083703281140885
586,29350,3.2220473156921154,3.406227778276683
587,29400,3.221365122422525,3.4065124171352315
588,29450,3.2213176082865522,3.407768366370779
589,29500,3.220822272998527,3.4082484153160024
590,29550,3.2203139415518605,3.408600699353882
591,29600,3.221241021783904,3.408080162352952
592,29650,3.2220748186127586,3.407526220147268
593,29700,3.2217201676872786,3.4080009799393847
594,29750,3.2230864987060857,3.4060952957966824
595,29800,3.221232716873489,3.40675681713705
596,29850,3.2196322451673898,3.408680628943224
597,29900,3.220880217163154,3.4103128596246166
598,29950,3.220033993443822,3.408965398446955
599,30000,3.2183482703889412,3.409782948629835
600,30050,3.2189441583028615,3.4112529776828935
601,30100,3.2196833699723655,3.411278487667206
602,30150,3.2193780939902146,3.4131714376412354
603,30200,3.2187036339135373,3.415322572927261
604,30250,3.2174979387311997,3.415829618478667
605,30300,3.2183681507491,3.4158187275406564
606,30350,3.2184474316238676,3.413488638318139
607,30400,3.2174960952648357,3.41382607934423
608,30450,3.2187515657030703,3.412667191060061
609,30500,3.2197105155309367,3.413213400028199
610,30550,3.219063673716157,3.4120470986539204
611,30600,3.219305027857637,3.414055590992411
612,30650,3.218891182321196,3.414161802310885
613,30700,3.2208605198914277,3.4134175369280846
614,30750,3.222934066202331,3.4136580708158144
615,30800,3.222202744349947,3.414708689480489
616,30850,3.222976439265517,3.4133327286657424
617,30900,3.223576134999716,3.416191171452553
618,30950,3.2215317286017453,3.4164058783939004
619,31000,3.2220329226613904,3.4146082192994887
620,31050,3.2222108184450398,3.4165844706580675
621,31100,3.2217842278429014,3.4176481294011944
622,31150,3.2205122142880045,3.4171629384222353
623,31200,3.220112370971184,3.4182583793397923
624,31250,3.219546006451806,3.418894073784316
625,31300,3.2178184415456514,3.418866823080279
626,31350,3.2174832172738106,3.420878154233798
627,31400,3.2182494493692566,3.4217349180629473
628,31450,3.216526420323949,3.4215188513288486
629,31500,3.2169215894517893,3.4226956144336556
630,31550,3.2166239136281343,3.421014525290486
631,31600,3.2148614126487183,3.419433255915379
632,31650,3.2160509009743166,3.4192199353170123
633,31700,3.214986056439286,3.4195129523894296
634,31750,3.2152572729604056,3.4202353256350446
635,31800,3.213921348060171,3.419121851226739
636,31850,3.2141627341928674,3.4200985642515938
637,31900,3.2140733804517465,3.4220992108995567
638,31950,3.211749675132849,3.4227671358072183
639,32000,3.214251458172686,3.4200641250625443
640,32050,3.2160163341519663,3.4201769564194784
641,32100,3.2175841913195917,3.420529710427053
642,32150,3.2164234912036456,3.4213930170137803
643,32200,3.215774852841239,3.4213143821965284
644,32250,3.215387891599869,3.4217339429231
645,32300,3.2155001230313505,3.4209438144208604
646,32350,3.215230216472424,3.4227666030282937
647,32400,3.213295725686448,3.4220121152360337
648,32450,3.2143446764546786,3.4218442002870546
649,32500,3.214369155441112,3.421491997540766
650,32550,3.2147111077773105,3.4217001952276713
651,32600,3.214668194211736,3.4191260192685586
652,32650,3.2161020288671374,3.418342640857049
653,32700,3.214203856130078,3.4172890565661977
654,32750,3.212683058434807,3.4194021906116934
655,32800,3.215146407104511,3.4179287388523942
656,32850,3.214658058118398,3.419144624182708
657,32900,3.2158689845234587,3.419310143154584
658,32950,3.21496239067731,3.419446919529975
659,33000,3.2137312992792526,3.420774730009303
660,33050,3.212871199608419,3.4195189400361583
661,33100,3.213991178864254,3.418754374932936
662,33150,3.2169635488548853,3.4190718120032986
663,33200,3.2177175136224925,3.4198205256586007
664,33250,3.2196108706654147,3.4221649020508087
665,33300,3.218975756403609,3.4218601662298025
666,33350,3.2173173964538764,3.4212850777155297
667,33400,3.215553430881898,3.4214742748106994
668,33450,3.2167930389318564,3.421022440249132
669,33500,3.2172106006985586,3.422180280851544
670,33550,3.21821795930089,3.422082400251675
671,33600,3.2174063215474655,3.4222749511642343
672,33650,3.2181852591042994,3.4245887476924004
673,33700,3.217419497659913,3.423327556749734
674,33750,3.217843444361139,3.422053237102744
675,33800,3.220397710300989,3.423044124810406
676,33850,3.2209940180004772,3.4250732063491367
677,33900,3.221596918161989,3.42637259239933
678,33950,3.2212772983131353,3.4266389161960245
679,34000,3.2225688454519164,3.4259791555470858
680,34050,3.224389696648584,3.426639563056175
681,34100,3.2249904876100266,3.426867286943333
682,34150,3.2254095955167967,3.427881769734025
683,34200,3.225637015158812,3.4294298166414685
684,34250,3.2253553780735964,3.4305233642656563
685,34300,3.2261204203889577,3.431156636171124
686,34350,3.2245968204457895,3.430274930300967
687,34400,3.225532652313178,3.4297593278058476
688,34450,3.2247573151368494,3.429036909944748
689,34500,3.224007489720929,3.4302829887738544
690,34550,3.2231942753907994,3.4298223944959227
691,34600,3.222662849710101,3.4295185154954915
692,34650,3.2233799324042005,3.4304504467345387
693,34700,3.2224934163723162,3.4306139233341097
694,34750,3.2235004226638746,3.432472361551746
695,34800,3.226861955653949,3.4324150364276673
696,34850,3.2268435830223456,3.4322503101718924
697,34900,3.227182334263529,3.432857833248715
698,34950,3.2261044149446887,3.431182572832623
699,35000,3.2257966039463732,3.431189055268836
700,35050,3.224100541377455,3.4297842692873934
701,35100,3.2224375976466906,3.430974214246433
702,35150,3.221449269163665,3.430716292146296
703,35200,3.223815774777946,3.4309591541819424
704,35250,3.2231096283555463,3.431933315513218
705,35300,3.223519172807626,3.431250657526068
706,35350,3.222105159518635,3.433064860838043
707,35400,3.221859318180678,3.4328997544661157
708,35450,3.2226086800622658,3.431788452210597
709,35500,3.221805346570416,3.4314587375415377
710,35550,3.221105293441008,3.4310649449013253
711,35600,3.2212077381680446,3.4303928396331047
712,35650,3.2215547964057345,3.4297871197183123
713,35700,3.2216702679926836,3.430040627815707
714,35750,3.223001127258488,3.429225535555105
715,35800,3.223256686997935,3.4298365629082803
716,35850,3.223601117962967,3.4313458503822747
717,35900,3.223698745780011,3.4308895940242836
718,35950,3.221203646901054,3.4316207512707875
719,36000,3.222705695493529,3.43137442146234
720,36050,3.223275205724081,3.4317716401950076
721,36100,3.2219422294656805,3.4320676490129376
722,36150,3.2215545570193225,3.43281645807463
723,36200,3.2226134031996985,3.431523140693783
724,36250,3.2230700945122375,3.431738992909718
725,36300,3.224335682451536,3.433416459993573
726,36350,3.2230167131526493,3.433462924509224
727,36400,3.222685291211656,3.4337112811307633
728,36450,3.220923157896959,3.4355814269337084
729,36500,3.2214722810076304,3.4351529251505744
730,36550,3.221067736979732,3.4360033094012365
731,36600,3.221044790357748,3.4347194901496025
732,36650,3.2217340723965813,3.436187508730652
733,36700,3.2225186110019792,3.4356305271500687
734,36750,3.2226686855480575,3.436185420553589
735,36800,3.222402357848066,3.43692888729487
736,36850,3.223242317088044,3.437593536571992
737,36900,3.2249845276209896,3.439027304110357
738,36950,3.224124024742521,3.4399423360047203
739,37000,3.226236946053732,3.4389308990247476
740,37050,3.2264584738921607,3.439492572105337
741,37100,3.227071388131484,3.4384824263378424
742,37150,3.226621910872638,3.437044762946481
743,37200,3.2249892047644924,3.4366967765268135
744,37250,3.226230718766909,3.4357690915243464
745,37300,3.22591353118402,3.434580889991858
746,37350,3.2268194679920694,3.433876241335433
747,37400,3.2264178003442234,3.433914174836903
748,37450,3.225817144948697,3.4327692858571437
749,37500,3.227046927888925,3.4338695641784227
750,37550,3.229007725838059,3.4341329859943635
751,37600,3.2304677624153317,3.4341484975679224
752,37650,3.2295642004690173,3.435821581163165
753,37700,3.230546226281398,3.4385163210387355
754,37750,3.231165099610657,3.4369598588779726
755,37800,3.2304296641901558,3.437294926959079
756,37850,3.23002894237082,3.436348394705142
757,37900,3.2296308321298524,3.4372537222305968
758,37950,3.230272656385559,3.4367752885141716
759,38000,3.2302550391880938,3.437017587448151
760,38050,3.230738709286236,3.437065997907087
761,38100,3.230583259921036,3.435999492361495
762,38150,3.2296215996298345,3.4340362040855728
763,38200,3.2293753328589183,3.43398621806702
764,38250,3.2295571387255224,3.432650251453017
765,38300,3.230281885695821,3.4321609732962357
766,38350,3.229604683590493,3.4327074596208593
767,38400,3.230122302120278,3.433753763608396
768,38450,3.231260764806413,3.4350768930354887
769,38500,3.229934029905174,3.4343866857139878
770,38550,3.2311895069773793,3.432344579297335
771,38600,3.2317429470836134,3.432347892421953
772,38650,3.231088934234588,3.432556010155154
773,38700,3.2315873071563903,3.4317828750493073
774,38750,3.230878440771037,3.4315791123797994
775,38800,3.2300716398890184,3.430801593081071
776,38850,3.230121507378267,3.430375406760264
777,38900,3.230008862049668,3.4277283453097445
778,38950,3.230078080669405,3.428617304479941
779,39000,3.2301081917324215,3.4310880415446303
780,39050,3.229625620570584,3.431519263185363
781,39100,3.230533610339079,3.4306369439020568
782,39150,3.2297007373956306,3.4293845674237904
783,39200,3.229855490677313,3.430270835197333
784,39250,3.2298162307440714,3.429898164934748
785,39300,3.228857009215467,3.4303396404140667
786,39350,3.229411361238951,3.429641095991865
787,39400,3.227907441447239,3.4290633832966346
788,39450,3.228798809172292,3.4282892800443334
789,39500,3.2301009498095916,3.428675338341128
790,39550,3.230309493402554,3.429645471398197
791,39600,3.231191391826754,3.4285512242472134
792,39650,3.2300311922352596,3.427907786908783
793,39700,3.2287636068303533,3.4284957174148354
794,39750,3.2294915634763006,3.4284403497624028
795,39800,3.229619287430613,3.4278612459074806
796,39850,3.2290062311648113,3.428232817596435
797,39900,3.2296209210981397,3.4312543477421964
798,39950,3.2290343260861736,3.429881895179341
799,40000,3.228306814769444,3.4294485564285733
800,40050,3.2280896719433354,3.4303451525774173
801,40100,3.2283399973799476,3.430198852699753
802,40150,3.2273714231293504,3.4284979411841374
803,40200,3.226779983991574,3.427063686150484
804,40250,3.22524846329596,3.426871352738782
805,40300,3.2244026130937122,3.429062564279252
806,40350,3.2239817069499317,3.4284048822199615
807,40400,3.225330156212186,3.4283308400830568
808,40450,3.2264244637710706,3.4300725919144943
809,40500,3.226055955137008,3.4307150802845916
810,40550,3.2249753549715052,3.430079103175028
811,40600,3.2248972452313485,3.4289918512999287
812,40650,3.2242982147798323,3.4281113679196173
813,40700,3.2239123850389246,3.428067390055586
814,40750,3.2233248380947095,3.427637371965911
815,40800,3.222542111909532,3.4277647573111536
816,40850,3.222081977732508,3.4271926699475186
817,40900,3.2213860468282562,3.426801990912287
818,40950,3.2193040526143264,3.4265103602176996
819,41000,3.2199540546698047,3.4277766986846707
820,41050,3.2193339115318826,3.427428184288819
821,41100,3.219067203312364,3.4276657650603344
822,41150,3.2199101986648,3.427908094987653
823,41200,3.2194810327159096,3.4282387467431996
824,41250,3.2187694194877876,3.42660825534781
825,41300,3.219718576723887,3.4267954414230033
826,41350,3.2193598130090946,3.4262319036385263
827,41400,3.2181880493409722,3.4264428042288877
828,41450,3.2168943525081057,3.4255747712148215
829,41500,3.2161164715363837,3.4247549926877063
830,41550,3.2161370478031084,3.424077857305298
831,41600,3.2183407670038124,3.42194505791873
832,41650,3.2179639982442545,3.421616343972367
833,41700,3.2175410150377983,3.4217765890690104
834,41750,3.2171457882490495,3.4217350973081144
835,41800,3.217349135716453,3.4201468524849057
836,41850,3.216297508587336,3.419714493007836
837,41900,3.2152842250485154,3.4191162325540776
838,41950,3.2144864490505403,3.417419228880336
839,42000,3.2153748821938657,3.41744886259279
840,42050,3.2148327801049255,3.419382775554413
841,42100,3.2147820747731037,3.4190889298433436
842,42150,3.2125948936680233,3.4197182660205616
843,42200,3.211508634623668,3.419169904841896
844,42250,3.2101355197022823,3.4200420298601686
845,42300,3.2104749785677518,3.419606033733061
846,42350,3.209849188873217,3.418681827320042
847,42400,3.2095321542717272,3.41980001426148
848,42450,3.209380377760936,3.4214604020328236
849,42500,3.209076062393626,3.420033463839364
850,42550,3.209863259772757,3.420046650936325
851,42600,3.208812268687915,3.4197527323919363
852,42650,3.207454766758797,3.419662262386877
853,42700,3.206157202354986,3.4208116053712354
854,42750,3.2062270911324657,3.420797680469435
855,42800,3.207683349071486,3.4219591588234515
856,42850,3.2089141334614637,3.421350607029889
857,42900,3.2095884633842804,3.4209636638662073
858,42950,3.209572660665431,3.4221131783124723
859,43000,3.2101528519151463,3.422663135859528
860,43050,3.2102318841762334,3.4217154890091694
861,43100,3.2090740228004306,3.422645944862713
862,43150,3.209835597865291,3.4231484055753647
863,43200,3.210138144148972,3.42450723599775
864,43250,3.210566903905307,3.4246332313951795
865,43300,3.2107595363337125,3.424494756155435
866,43350,3.2105963690720354,3.423826917987025
867,43400,3.2104885854560656,3.422878776963887
868,43450,3.2108609620227253,3.422780634050516
869,43500,3.2101547529035055,3.4226828480864278
870,43550,3.2105263107760584,3.4241735582128037
871,43600,3.210076381125496,3.423508148193322
872,43650,3.208710987851686,3.4257552656838417
873,43700,3.2087597866727067,3.4265697337404935
874,43750,3.209137184671776,3.42474365182252
875,43800,3.2101115917452594,3.4248125965277216
876,43850,3.210343633628666,3.4244914714549104
877,43900,3.209916765232087,3.4253655351896777
878,43950,3.21039146265799,3.426091143063256
879,44000,3.210308308549889,3.4282532441310876
880,44050,3.210914343010961,3.4302351959981228
881,44100,3.211167398919995,3.4301475970438897
882,44150,3.21074024514772,3.4297331683407735
883,44200,3.2105542722891856,3.430740340356724
884,44250,3.2125464297785857,3.432791799048058
885,44300,3.2132909039030113,3.432041443720803
886,44350,3.213914129968376,3.4328704334319546
887,44400,3.2128853736416825,3.4331798976765766
888,44450,3.2132020161671524,3.4333447127165946
889,44500,3.212845280245274,3.4325482470605273
890,44550,3.212905999820196,3.4327606803643467
891,44600,3.212502973156018,3.4329751250658997
892,44650,3.212149878213703,3.4324095720419865
893,44700,3.2111207261302264,3.432296123906958
894,44750,3.2109103056741284,3.432879538756594
895,44800,3.210813814304041,3.4321454563576355
896,44850,3.2117221379954946,3.432824016634089
897,44900,3.210543039005483,3.4322088456797393
898,44950,3.2115338486156184,3.432373918938959
899,45000,3.2123448277169837,3.431054580822401
900,45050,3.2133640548561857,3.4304524949925144
901,45100,3.2126145577021563,3.4287708121150313
902,45150,3.213309997820211,3.4293860580917044
903,45200,3.212898222805685,3.428437824296493
904,45250,3.212604877295598,3.4294262286736137
905,45300,3.2133661877937643,3.4301279973376277
906,45350,3.212489063620778,3.4302515416606076
907,45400,3.2126936673074518,3.429839404066985
908,45450,3.2112956799484955,3.429540499723372
909,45500,3.210759554223364,3.430645643893035
910,45550,3.2093328551006706,3.4306287268781124
911,45600,3.2108873282281047,3.4316551304530014
912,45650,3.2092493127763215,3.432648237976084
913,45700,3.2097825882585957,3.434227638327428
914,45750,3.2099463477907086,3.4335999704476645
915,45800,3.2105758336944286,3.4341641631688473
916,45850,3.2111485348724376,3.433934848870155
917,45900,3.211682404309751,3.4340851037190365
918,45950,3.2120531799283474,3.434754584875392
919,46000,3.213060859143522,3.4355011510563798
920,46050,3.2118669333503536,3.4339761346915894
921,46100,3.213147101093098,3.434781907605702
922,46150,3.212806477767161,3.4330179748815413
923,46200,3.2123857631577613,3.4324996757230366
924,46250,3.2127315778100893,3.432131962406878
925,46300,3.2125629079288247,3.4323267208551123
926,46350,3.2130955064511357,3.4316149548534085
927,46400,3.2129148101711116,3.4299502558379618
928,46450,3.2125554718154854,3.430474966723839
929,46500,3.2130601837153003,3.430553074934277
930,46550,3.212201942726075,3.4308876592280044
931,46600,3.2126085204339394,3.432223923914738
932,46650,3.2118453137465486,3.432964634476837
933,46700,3.211226207685872,3.4325944664667905
934,46750,3.211414119747551,3.4310669625232806
935,46800,3.211424566685568,3.4301110895849423
936,46850,3.210566479166048,3.431953152678737
937,46900,3.2104533531721966,3.432509539662232
938,46950,3.2093583064816915,3.4312762535992753
939,47000,3.209693087143903,3.429592248382976
940,47050,3.2095642481624242,3.428809888401429
941,47100,3.2106561207933533,3.428405212621614
942,47150,3.211319950261959,3.4275257192836923
943,47200,3.2133863536586014,3.4271566237729187
944,47250,3.2146316028399218,3.426920604868729
945,47300,3.214863232787144,3.42655766619361
946,47350,3.214740177869695,3.4271280004580342
947,47400,3.2147898461790363,3.4277776123495607
948,47450,3.2156464404045195,3.427227027950267
949,47500,3.215250523377034,3.427470446258747
950,47550,3.2163873125666442,3.4265088873352587
951,47600,3.2161061413260508,3.425764933587142
952,47650,3.2161198911645785,3.4257506183898707
953,47700,3.2156806024324585,3.425947302655134
954,47750,3.2160591864012504,3.4262280291363454
955,47800,3.2173270799015565,3.426651917071573
956,47850,3.2169704397229286,3.4261958934752323
957,47900,3.216644194330082,3.425357545012311
958,47950,3.2171636904850347,3.4264694838937575
959,48000,3.21791314697115,3.42627847397
960,48050,3.216702171539796,3.4259907346065006
961,48100,3.217806159729162,3.427522142605161
962,48150,3.217540888825093,3.426212638781758
963,48200,3.218173947674104,3.4258172199378265
964,48250,3.219472301295983,3.425317049343912
965,48300,3.218056738311123,3.424925661905208
966,48350,3.217672461347251,3.4243970744941885
967,48400,3.216536137122396,3.4244342065486704
968,48450,3.2171571617928376,3.4257670666406606
969,48500,3.2173568850882823,3.4271911360565213
970,48550,3.2173358182681975,3.426463449352551
971,48600,3.2165890975398033,3.4261075837950647
972,48650,3.216067538871407,3.426758206238599
973,48700,3.215849818222513,3.426594758853331
974,48750,3.2164628396957298,3.4271779844054966
975,48800,3.2159524435636935,3.42620510253827
976,48850,3.218009269759226,3.4266692971752626
977,48900,3.2181039849360022,3.4266439693260597
978,48950,3.2185883100268944,3.4263693058385534
979,49000,3.218475377177457,3.425326680235964
980,49050,3.2186823858770777,3.4263153732277187
981,49100,3.2171027565616246,3.4266165652939353
982,49150,3.2162294019217206,3.4259229150596076
983,49200,3.21556004904794,3.426109695987997
984,49250,3.2163864042367285,3.4268568845094416
985,49300,3.2150372424123868,3.425359008475744
986,49350,3.215598370657658,3.4252146577347005
987,49400,3.2159564901850093,3.425053479274896
988,49450,3.2156280334897347,3.4259711340389556
989,49500,3.215590211839473,3.4272207586645083
990,49550,3.2157659700568506,3.4276430379475085
991,49600,3.2161205630175718,3.4264079545962156
992,49650,3.2155818968818304,3.4266193661036257
993,49700,3.215194880606448,3.426540402770574
994,49750,3.2139690879518197,3.4269025888944014
995,49800,3.2138385905253317,3.4269944690677723
996,49850,3.2144518914631015,3.42691774285291
997,49900,3.213556436031693,3.4259920106340656
998,49950,3.2115676199738408,3.424825195856774
999,50000,3.211050459710572,3.425011891509694
1000,50050,3.2106104521169048,3.4236478137352897
1001,50100,3.2105528972619704,3.42472746764495
1002,50150,3.210220360506934,3.424565362689829
1003,50200,3.2096893604874963,3.4262263002611357
1004,50250,3.2096638190751166,3.4260807091762002
1005,50300,3.2091104549307747,3.426777446298712
1006,50350,3.2110013202565653,3.4266289000982697
1007,50400,3.211173547157307,3.4274202022511466
1008,50450,3.210593589270557,3.4286254131566594
1009,50500,3.2113923659143713,3.428902642616792
1010,50550,3.211852475516963,3.42950822160944
1011,50600,3.213024219967051,3.4313455604591594
1012,50650,3.2126987396464006,3.4307598854488357
1013,50700,3.2137940623308183,3.4307107117922735
1014,50750,3.2149880946938634,3.430345202946797
1015,50800,3.214875984835906,3.4300606525943826
1016,50850,3.214655988735144,3.429897643903152
1017,50900,3.214978137699204,3.4306591974691374
1018,50950,3.2138394028536883,3.4314411039195383
1019,51000,3.2135839091456466,3.4307698405087015
1020,51050,3.2127156190380406,3.431115069235855
1021,51100,3.213089341922716,3.431938649902297
1022,51150,3.212263700598603,3.432171825437983
1023,51200,3.213725466997006,3.432485683355997
1024,51250,3.2131058263184435,3.4328908132695783
1025,51300,3.2141990385716963,3.433294735137884
1026,51350,3.214076729394975,3.433355678361459
1027,51400,3.214013368296151,3.4337069993622693
1028,51450,3.2142647180570156,3.433281624299423
1029,51500,3.214696272015982,3.4348282251541398
1030,51550,3.2145091736171167,3.43429296460641
1031,51600,3.2139200080048993,3.434897428652102
1032,51650,3.214029042018553,3.434576174116526
1033,51700,3.2149454175091083,3.434850462192079
1034,51750,3.2168966216200365,3.4345979481817634
1035,51800,3.2155432774420727,3.435493404639389
1036,51850,3.216521314074388,3.434883163375982
1037,51900,3.216657318201416,3.4343387861081784
1038,51950,3.2166429170116766,3.433762406276649
1039,52000,3.2167006040750104,3.433314088341452
1040,52050,3.2167904140542913,3.433108818384711
1041,52100,3.216421858400173,3.433557397765584
1042,52150,3.2172233870949394,3.4336041892054143
1043,52200,3.216958459638253,3.4329740803081035
1044,52250,3.2165156401675126,3.432698060897385
1045,52300,3.215803237173049,3.43207912716303
1046,52350,3.217480089466619,3.431494506798
1047,52400,3.2160322524643865,3.4301283215625684
1048,52450,3.2167286318995396,3.4294042536708216
1049,52500,3.216776472679627,3.4290017164130946
1050,52550,3.217294480841596,3.428652933061618
1051,52600,3.216614506821404,3.4273127020061644
1052,52650,3.2176983538529575,3.428008545431303
1053,52700,3.2180743997481107,3.42614229445616
1054,52750,3.218012154116413,3.4261451865165036
1055,52800,3.217571113861137,3.4254828765331746
1056,52850,3.2180366246863277,3.4250312164985
1057,52900,3.2178539139428106,3.4239318930561966
1058,52950,3.217296697170124,3.423822927012291
1059,53000,3.216080028676556,3.4230348531171875
1060,53050,3.2160649916305943,3.4232533092745663
1061,53100,3.215721244939737,3.422153277476973
1062,53150,3.214688141738394,3.421234455569983
1063,53200,3.215687640449737,3.420651617091042
1064,53250,3.216011625340539,3.422944053883699
1065,53300,3.21552085271374,3.4225545811797335
1066,53350,3.215117662450303,3.4237808106192857
1067,53400,3.2156172821864835,3.423816166767287
1068,53450,3.216418593214292,3.423312263423757
1069,53500,3.215584506776267,3.422662264777476
1070,53550,3.2161976649145365,3.4235716415804536
1071,53600,3.2163152840693567,3.4230446280443014
1072,53650,3.2158800821740616,3.423153868207968
1073,53700,3.21600381751378,3.423822775394021
1074,53750,3.2156968775729555,3.4234506327381213
1075,53800,3.2147895769295647,3.4226430023852803
1076,53850,3.2162412655519743,3.423101972510772
1077,53900,3.2173704803034546,3.422507435630034
1078,53950,3.21729708415363,3.422313193710521
1079,54000,3.217749355645612,3.4222088048986703
1080,54050,3.218033726460614,3.421209330221889
1081,54100,3.21661962034798,3.421936081200325
1082,54150,3.2158393339401976,3.4207425478394082
1083,54200,3.2169978794455587,3.419639230565707
1084,54250,3.2163375261432985,3.4200066723108176
1085,54300,3.2166780783464457,3.4216612008998193
1086,54350,3.215957998592541,3.422370816678993
1087,54400,3.2177550580278607,3.4226295367808013
1088,54450,3.2167631935733687,3.422207877153349
1089,54500,3.2177192688666802,3.4223640859968536
1090,54550,3.2179729199747675,3.422401133454643
1091,54600,3.2179974280559196,3.423178255459922
1092,54650,3.2175514750871215,3.4234897667901634
1093,54700,3.2180046674892706,3.4224792824657504
1094,54750,3.2178107352933103,3.422620659129317
1095,54800,3.218051772344088,3.4212375870312908
1096,54850,3.217613181869466,3.419918411113429
1097,54900,3.2177382026478765,3.419372581214015
1098,54950,3.2177741505492437,3.419027651561566
1099,55000,3.216926364715551,3.420019235942773
1100,55050,3.217089093388599,3.4199948032123006
1101,55100,3.2172801304286587,3.4193945840261497
1102,55150,3.2176677927720325,3.4194146132953374
1103,55200,3.2173202718421585,3.4199427626404013
1104,55250,3.2174159623637864,3.4212046888910983
1105,55300,3.21701132280043,3.420807560636235
1106,55350,3.2177891947270076,3.420700633658723
1107,55400,3.2179706900131912,3.4223291304370314
1108,55450,3.2172909891884243,3.423126659581912
1109,55500,3.2183014941965666,3.4227967972102946
1110,55550,3.2176121612716315,3.421312536306694
1111,55600,3.21861795443172,3.4217087889660305
1112,55650,3.2180735036986006,3.4231258225607295
1113,55700,3.217806162509453,3.4223684589582097
1114,55750,3.2169132119557533,3.422013356036389
1115,55800,3.218051499714399,3.4209699203957245
1116,55850,3.2179131846403592,3.4205540637231837
1117,55900,3.2176461155415557,3.421419274770123
1118,55950,3.2170742170509348,3.4208343215920145
1119,56000,3.2171309419062672,3.4215795337212898
1120,56050,3.2167827359338603,3.4224708326559754
1121,56100,3.217162723652917,3.422292929724785
1122,56150,3.216677269200655,3.421507289060325
1123,56200,3.2170322357247394,3.421739876068989
1124,56250,3.217636409690618,3.4224163275237665
1125,56300,3.218864801130861,3.4222718633306752
1126,56350,3.220360278743713,3.4233562157975257
1127,56400,3.2205349104620704,3.4231976425660555
1128,56450,3.2205215247255574,3.4225140565965404
1129,56500,3.222481398708396,3.4226542823548596
1130,56550,3.2215670601141055,3.422560828755994
1131,56600,3.2225954965502677,3.423990066409608
1132,56650,3.2225819456936855,3.4241057574925966
1133,56700,3.2232477620406166,3.422304597102269
1134,56750,3.2235682495277427,3.422457945387408
1135,56800,3.2237702369972383,3.422249724862188
1136,56850,3.2232810368638893,3.4220222475649096
1137,56900,3.224461638955043,3.4215113394383745
1138,56950,3.2236063044062875,3.42031403549302
1139,57000,3.223688599444864,3.419798518461014
1140,57050,3.2239915122628435,3.4197052315580554
1141,57100,3.224226574414508,3.4198520139704365
1142,57150,3.22372465326032,3.419597965163689
1143,57200,3.222694009631417,3.4210090885623416
1144,57250,3.2231414946955175,3.41982254587253
1145,57300,3.2235144700349316,3.419585003155852
1146,57350,3.2234775755841807,3.4196224147659287
1147,57400,3.2245390574650044,3.419336564132317
1148,57450,3.2238327975107035,3.4193695192089963
1149,57500,3.2242127483282976,3.4191662206743714
1150,57550,3.225078700523466,3.4195315038658465
1151,57600,3.2244105007871995,3.419205925338564
1152,57650,3.2242934179110456,3.418398102082351
1153,57700,3.224829531477902,3.4180827857427394
1154,57750,3.225074145368833,3.4176797962350935
1155,57800,3.225318043834447,3.4163583216394744
1156,57850,3.2269374240891455,3.417099905133084
1157,57900,3.225906020224944,3.417907351624701
1158,57950,3.225805435610762,3.417566261626584
1159,58000,3.226598500259595,3.4187689032812543
1160,58050,3.2253945264268395,3.4187825711651376
1161,58100,3.224797169001493,3.4188075736849184
1162,58150,3.2251655388500935,3.418185455347043
1163,58200,3.22624045298461,3.4177396143054786
1164,58250,3.225673220571613,3.4176311091650797
1165,58300,3.2266289803883343,3.4176799042026222
1166,58350,3.226506971639265,3.4169910177386176
1167,58400,3.2270539790906607,3.41758424893953
1168,58450,3.2267337219421988,3.417837955565654
1169,58500,3.2257970351830147,3.4195135294360925
1170,58550,3.2252124010103898,3.4204095548498685
1171,58600,3.224390384607753,3.419112372931994
1172,58650,3.223327464908032,3.4191751658938405
1173,58700,3.2226488224849,3.4185529206635406
1174,58750,3.2226122919022666,3.418605783412663
1175,58800,3.222290080931048,3.4191948069711424
1176,58850,3.222482523345782,3.419513731765585
1177,58900,3.2220799861899447,3.4192699248889182
1178,58950,3.2221824212846366,3.418916484843882
1179,59000,3.22239727801948,3.4179844204079304
1180,59050,3.2228482498922277,3.4176504152830867
1181,59100,3.2227481735959658,3.4181376964707075
1182,59150,3.223857610505928,3.418443353935292
1183,59200,3.2237793477547956,3.4181036802192777
1184,59250,3.2235002693621806,3.4178635909258626
1185,59300,3.223543677855942,3.4197756519640805
1186,59350,3.222936629568951,3.4187360382989427
1187,59400,3.2226752551347646,3.418242245489857
1188,59450,3.2228939723901404,3.4188901588707408
1189,59500,3.222746518868638,3.418556131766193
1190,59550,3.2225887094856205,3.4182994663305566
1191,59600,3.223624115642409,3.4185705095046215
1192,59650,3.224240534260846,3.4183951825426897
1193,59700,3.223566424600543,3.41877598271012
1194,59750,3.2232592500620045,3.4189478120141743
1195,59800,3.223319785342756,3.419285658703827
1196,59850,3.222287911216687,3.4191897418072177
1197,59900,3.22275520421272,3.418473420496153
1198,59950,3.223712065057604,3.4184358151953202
1199,60000,3.223258094955287,3.4194793202754146
1200,60050,3.2234831215713022,3.4190208034408767
1201,60100,3.2225587743626187,3.4188682499552305
1202,60150,3.223403962153641,3.41971277372411
1203,60200,3.2242680681912,3.419965048716038
1204,60250,3.224853899423409,3.420091668780415
1205,60300,3.225605585301025,3.4192691928899253
1206,60350,3.225239038733995,3.419893988362736
1207,60400,3.2239685880011932,3.4197368953560194
1208,60450,3.2237034536246387,3.419578269480666
1209,60500,3.223402918616788,3.4188037387114427
1210,60550,3.22304571819483,3.418554192084797
1211,60600,3.2233748261583726,3.419320048667949
1212,60650,3.223073329800997,3.419149465081769
1213,60700,3.222359779589364,3.4190266623687102
1214,60750,3.2234256768040006,3.420477399906045
1215,60800,3.222821909690412,3.420443803297878
1216,60850,3.2229820016255166,3.420162848341358
1217,60900,3.2222972157142644,3.420767478169045
1218,60950,3.2224976408606505,3.421677263891548
1219,61000,3.222785320062011,3.4217218924174735
1220,61050,3.2226490982415794,3.421630129925262
1221,61100,3.2222845687894757,3.422481762248754
1222,61150,3.222262919757935,3.4218883075197963
1223,61200,3.221853266521181,3.4225979278957532
1224,61250,3.2221777300696486,3.421500934204574
1225,61300,3.2226009347197473,3.422124171053735
1226,61350,3.223427074340648,3.4210302953059846
1227,61400,3.223909142144954,3.4198587250957067
1228,61450,3.2243314306870774,3.419827139203033
1229,61500,3.223015630645541,3.4204561842844736
1230,61550,3.223764983271492,3.4203885736686312
1231,61600,3.2233814637851794,3.419574483768893
1232,61650,3.222995178152106,3.420312132627263
1233,61700,3.2225412304586256,3.4200176118637278
1234,61750,3.2228307420775235,3.419734627350848
1235,61800,3.223525448121216,3.4196435469752764
1236,61850,3.224274381405103,3.419129307580294
1237,61900,3.225281853925008,3.4199466143254607
1238,61950,3.224942304381643,3.4205339998154933
1239,62000,3.223411314738389,3.4212941435956132
1240,62050,3.2232476978376106,3.421634839194197
1241,62100,3.2227023038998888,3.420999358441362
1242,62150,3.2226810682360205,3.421680655367681
1243,62200,3.22280933660975,3.4217443516491115
1244,62250,3.2230674663768855,3.4228950794881454
1245,62300,3.2224490530345027,3.4228831114907985
1246,62350,3.2221554804513497,3.4234499280778783
1247,62400,3.2225925669756563,3.423649834989672
1248,62450,3.223063255427705,3.4237235063217613
1249,62500,3.223035334923883,3.4248113828120683
1250,62550,3.2236038623601053,3.424780127852753
1251,62600,3.224200604811564,3.424696087824671
1252,62650,3.2236189735795544,3.4254726804721747
1253,62700,3.2242422166946145,3.4262231709425404
1254,62750,3.223760274921978,3.4262390397843423
1255,62800,3.2243621756736376,3.425781194560649
1256,62850,3.225274435176539,3.425196797605413
1257,62900,3.224899942166208,3.4245563743871603
1258,62950,3.226261567065588,3.4242910138521703
1259,63000,3.2266672359850896,3.4242046214517528
1260,63050,3.2258749524317127,3.423113764231658
1261,63100,3.2273484809213584,3.4222966588501396
1262,63150,3.2269628954668503,3.4224685666052985
1263,63200,3.226342366610313,3.4218999532442727
1264,63250,3.2257370724383927,3.421713248450934
1265,63300,3.225978686471652,3.421426692780012
1266,63350,3.224751410954182,3.421407987540069
1267,63400,3.22464674941507,3.4217452047934818
1268,63450,3.2250216967144074,3.421190517852938
1269,63500,3.224193966463362,3.4216662526488206
1270,63550,3.2242321407513734,3.421945833297475
1271,63600,3.223951477728916,3.42192916064556
1272,63650,3.223318361086445,3.4222269450411797
1273,63700,3.22400188275052,3.4219227301981165
1274,63750,3.2238183178693656,3.4223403590494486
1275,63800,3.224369614658914,3.422346679232789
1276,63850,3.224790018851365,3.4222543192908623
1277,63900,3.2241014389317018,3.4223721894483194
1278,63950,3.2225936321457036,3.422140434402043
1279,64000,3.2229616942422923,3.4215634540116646
1280,64050,3.221518628892763,3.421411260982218
1281,64100,3.2211683774970625,3.421679270837368
1282,64150,3.2211483627532953,3.4218045410189197
1283,64200,3.2204316281275442,3.4215270965596343
1284,64250,3.220343252844844,3.4222403289768932
1285,64300,3.2206816561162546,3.422774626909993
1286,64350,3.2216760892737724,3.422304431699771
1287,64400,3.2218658417919093,3.4225448914488403
1288,64450,3.22251517584519,3.421841260983126
1289,64500,3.2227450797325523,3.421818252256921
1290,64550,3.2229507951284324,3.4221829313570966
1291,64600,3.2222887157880673,3.421087868346477
1292,64650,3.2213842022477333,3.4218147330684126
1293,64700,3.2211856667692347,3.421406808357119
1294,64750,3.2206854372569738,3.4207150224590652
1295,64800,3.221373323644768,3.4197063430767294
1296,64850,3.2212688246750827,3.419755602853487
1297,64900,3.221618289466347,3.418738312043049
1298,64950,3.2212163957517363,3.419417897258694
1299,65000,3.2208606881817627,3.4188640208160708
1300,65050,3.220176749069865,3.4193826496445245
1301,65100,3.219930936252418,3.4188400226443654
1302,65150,3.2207880479137523,3.4178836692964962
1303,65200,3.2214021023459347,3.4171507119810385
1304,65250,3.2214536880808446,3.416584479261457
1305,65300,3.2213785938139545,3.4165529284512286
1306,65350,3.2217377201681336,3.416558301818848
1307,65400,3.2223631755092996,3.416428786661556
1308,65450,3.2225943575270524,3.4167028107747393
1309,65500,3.2221127102402956,3.417643546928366
1310,65550,3.2216091148200836,3.4175709931330145
1311,65600,3.2218397616852577,3.416903640797423
1312,65650,3.2223318375019083,3.416103097755159
1313,65700,3.2222174950430924,3.4167375552173946
1314,65750,3.2223543448640704,3.417223679217555
1315,65800,3.2219165753661243,3.4175660643945123
1316,65850,3.221255369338021,3.418194851331714
1317,65900,3.2207605251962983,3.4187741779654974
1318,65950,3.2208179757856223,3.419041073664648
1319,66000,3.220467271884045,3.4187910336060634
1320,66050,3.22032084424947,3.419669666159987
1321,66100,3.2198030123203933,3.4203718341539058
1322,66150,3.2194069839301225,3.420445534455053
1323,66200,3.2186425139951913,3.4197652580280367
1324,66250,3.2181093136570778,3.4196807992812737
1325,66300,3.2187298449412225,3.4201484661848682
1326,66350,3.2189540406339257,3.420478580435046
1327,66400,3.2183986442812667,3.4207811874515333
1328,66450,3.2188475177353464,3.421164874964871
1329,66500,3.219442309800609,3.4213363407883137
1330,66550,3.219058070134139,3.42110703041755
1331,66600,3.2188567309975644,3.420330590038351
1332,66650,3.2172056922841676,3.420048610915253
1333,66700,3.2174336482025163,3.4202524935472605
1334,66750,3.2171551353605796,3.421148525692524
1335,66800,3.2166277388846733,3.4203385704629685
1336,66850,3.2174279800423498,3.420153749359899
1337,66900,3.217327589308891,3.4196108644512515
1338,66950,3.2183013985312767,3.4199399762428286
1339,67000,3.21740988779738,3.419984237297818
1340,67050,3.217263808130216,3.4194744858369033
1341,67100,3.217343105528778,3.4190588261509234
1342,67150,3.2174453226249042,3.419786258010421
1343,67200,3.2174049041586277,3.4196579983115423
1344,67250,3.216554004213319,3.4193070219280215
1345,67300,3.2168668683561044,3.420109258515358
1346,67350,3.2167298867471024,3.4208056709218777
1347,67400,3.217041139422133,3.4209069578230937
1348,67450,3.217270041093477,3.4219023799945663
1349,67500,3.216907828759907,3.4222042135511677
1350,67550,3.218137121663448,3.421908118107465
1351,67600,3.2178286761893324,3.4215743115976496
1352,67650,3.21910901101979,3.420545086902536
1353,67700,3.2198938745287466,3.4204607924339485
1354,67750,3.220172961229227,3.4207522060882214
1355,67800,3.2203598096376185,3.4209309002206503
1356,67850,3.2206857104157676,3.420684419203027
1357,67900,3.2199417816885316,3.420994477102884
1358,67950,3.220253045598299,3.4206020083096047
1359,68000,3.2198706202424345,3.4206168786476234
1360,68050,3.2204159572915407,3.4222140483519605
1361,68100,3.21960966522225,3.4226374190813194
1362,68150,3.2201527144621402,3.423522586913938
1363,68200,3.2201419252387833,3.4252166485703515
1364,68250,3.2205498829484744,3.4249737255774515
1365,68300,3.219958054651691,3.424475915368586
1366,68350,3.220182260407885,3.4239324019626314
1367,68400,3.220373215530383,3.4238629783115817
1368,68450,3.2205132699664545,3.424611209911325
1369,68500,3.2205002333840187,3.424512516041295
1370,68550,3.221704404873678,3.423839069945871
1371,68600,3.2223741605757787,3.4232172077799228
1372,68650,3.2229416048360804,3.4224740692712072
1373,68700,3.223569188526507,3.4226456908642233
1374,68750,3.223326242237328,3.422468577315863
1375,68800,3.2224340806967917,3.4228822634054885
1376,68850,3.221981066079408,3.4227404894939664
1377,68900,3.221422795746466,3.423700436239277
1378,68950,3.221598671678447,3.422909871137651
1379,69000,3.22268138812355,3.4229727885637087
1380,69050,3.2230596695625087,3.4225905728775188
1381,69100,3.222369693310841,3.421502834952816
1382,69150,3.221843635549172,3.42201816494609
1383,69200,3.222361032249784,3.4224410268456382
1384,69250,3.2221912259063394,3.4218955123022767
1385,69300,3.221951504584678,3.42325804028059
1386,69350,3.222084631204465,3.422931581106316
1387,69400,3.2217608524916166,3.422873825177885
1388,69450,3.2214950398398514,3.4218139710264532
1389,69500,3.2205777762485437,3.4219265026675543
1390,69550,3.219647514581741,3.423348802069457
1391,69600,3.219429895633382,3.4234224438944154
1392,69650,3.2197813700886644,3.4241799416348497
1393,69700,3.2200307957272507,3.4248811911649377
1394,69750,3.2191924878179696,3.4245519817684493
1395,69800,3.2188419967392368,3.425280265918542
1396,69850,3.2183380935326285,3.4244396285418635
1397,69900,3.2185541357727163,3.4244340928955577
1398,69950,3.2187720575393373,3.424162201480257
1399,70000,3.218437397329345,3.4238863017782366
1400,70050,3.2194489149799965,3.4232303853071033
1401,70100,3.219540909473464,3.4240183491037026
1402,70150,3.21889040025155,3.4243546519671444
1403,70200,3.2185984331924007,3.423858548415357
1404,70250,3.2178798244739313,3.4240911748602785
1405,70300,3.2179300914828417,3.423181024115771
1406,70350,3.217560895439881,3.423274317565301
1407,70400,3.2175214667645027,3.4238244558161344
1408,70450,3.217062543332731,3.4234335672839173
1409,70500,3.2181162611746483,3.422686591540319
1410,70550,3.2193938787128036,3.421420051330329
1411,70600,3.219900195930673,3.4211635970545986
1412,70650,3.219106476391843,3.4207109690741033
1413,70700,3.2190542129322846,3.420524652289196
1414,70750,3.2188573954899304,3.420269741470248
1415,70800,3.2177222990420202,3.4203206329730884
1416,70850,3.218009314534852,3.420089955638701
1417,70900,3.21813242431887,3.4208068099086817
1418,70950,3.2175079150837815,3.4206172769009986
1419,71000,3.2175260340028617,3.4199919352205685
1420,71050,3.217420939374526,3.4197332969372267
1421,71100,3.2172744371373083,3.419068659080421
1422,71150,3.216460496282205,3.4194635719818636
1423,71200,3.2176583794078804,3.4188503101728425
1424,71250,3.217244181154823,3.419642447940178
1425,71300,3.216913901026836,3.4196927744096612
1426,71350,3.2169829587267857,3.419035123501454
1427,71400,3.2176322947396123,3.4189473207108314
1428,71450,3.2170317837835367,3.4188814453942813
1429,71500,3.216604188511709,3.418570944086462
1430,71550,3.2161264746866567,3.418336446545162
1431,71600,3.216858961263725,3.4186774865659344
1432,71650,3.2175869744520003,3.419985092354754
1433,71700,3.2178853772672382,3.420625157532093
1434,71750,3.2187380671555226,3.4202258431515378
1435,71800,3.218863920473567,3.419545049538797
1436,71850,3.2184345741677665,3.4207190983664155
1437,71900,3.2178291402727908,3.42104293235147
1438,71950,3.2186673020476295,3.421474095965803
1439,72000,3.2182313603402997,3.421043052718018
1440,72050,3.218941867799378,3.4202780443019964
1441,72100,3.218374041983773,3.419559437585248
1442,72150,3.2179193410676366,3.419614543605798
1443,72200,3.2176940869846606,3.4190577516532925
1444,72250,3.217567794445423,3.419621788021288
1445,72300,3.2167819603477965,3.4193209247730385
1446,72350,3.2169365247560577,3.419573702483621
1447,72400,3.2174169120371308,3.4196946878754173
1448,72450,3.2174180423169303,3.4204769361708123
1449,72500,3.217596741615769,3.4205696591628154
1450,72550,3.2175191712654407,3.420320536140604
1451,72600,3.2175961486261335,3.4216192726880097
1452,72650,3.217989683513228,3.421672602994363
1453,72700,3.217610272226545,3.4218602837233547
1454,72750,3.217402831016066,3.4224669947700503
1455,72800,3.216556367645814,3.4217523578078484
1456,72850,3.21684674858816,3.421535683751485
1457,72900,3.216280142454462,3.422489045266239
1458,72950,3.2161677930301904,3.4224173405850107
1459,73000,3.216466885327671,3.4220188346930387
1460,73050,3.2164810195185893,3.421979475464877
1461,73100,3.216587565697812,3.4216751171376596
1462,73150,3.216330890476,3.421674597707136
1463,73200,3.2168280096564867,3.4217286664162714
1464,73250,3.2168623220476813,3.4213418377213776
1465,73300,3.2164770850419386,3.421586866758156
1466,73350,3.2164987023593095,3.4212825994700116
1467,73400,3.2163589215027355,3.4209637844822396
1468,73450,3.2160953068467295,3.4202903704133907
1469,73500,3.216827727974014,3.420262600887764
1470,73550,3.216443686222984,3.419956921036803
1471,73600,3.2173169437139895,3.419770242547893
1472,73650,3.2169996518036243,3.419789229264062
1473,73700,3.2171690462133298,3.419576733336623
1474,73750,3.217200198406736,3.419353065711842
1475,73800,3.217169138796471,3.418911878451309
1476,73850,3.217015367523702,3.4188360515620824
1477,73900,3.218016713314036,3.4179505290430203
1478,73950,3.2178840421613093,3.4191437198983805
1479,74000,3.2174591667359396,3.41964723218189
1480,74050,3.218271223543156,3.4202716636488844
1481,74100,3.217035711415958,3.419879320065538
1482,74150,3.2182441426661943,3.420129801788676
1483,74200,3.217358425559516,3.4207362116782427
1484,74250,3.217193491462997,3.4214380176629384
1485,74300,3.2174479618138845,3.4211344676889595
1486,74350,3.217535755543522,3.4209367109218873
1487,74400,3.217424085134318,3.421903098925388
1488,74450,3.2180609284859996,3.421950787766361
1489,74500,3.218766141959644,3.422082525903666
1490,74550,3.218556470293522,3.4234600538226188
1491,74600,3.218579463943518,3.4237830721572036
1492,74650,3.2181387186536883,3.423511778125278
1493,74700,3.2171030170006905,3.423477706815143
1494,74750,3.21728975158844,3.423805277487167
1495,74800,3.2175069799008607,3.4249328420331744
1496,74850,3.218277555655528,3.4236955288105757
1497,74900,3.218240649404233,3.423631996216769
1498,74950,3.2180177337788756,3.42350406739742
1499,75000,3.2180229906931483,3.423644608581266
1500,75050,3.2168380122073708,3.424768304495798
1501,75100,3.216939941046746,3.4257192862679666
1502,75150,3.2168187968597968,3.4251827846170495
1503,75200,3.216291142357233,3.4252990255399265
1504,75250,3.2169166671818026,3.4254329298911603
1505,75300,3.216843359945515,3.425497218810575
1506,75350,3.2169331100784855,3.425901213955161
1507,75400,3.2171402976231653,3.4258565340897125
1508,75450,3.2171487189946024,3.4254270817363413
1509,75500,3.216443644906842,3.4249766922074434
1510,75550,3.2166626614432503,3.4246968708927406
1511,75600,3.216889882609171,3.424195928131884
1512,75650,3.216072389486406,3.4251876566064583
1513,75700,3.216806788815489,3.4252301172310426
1514,75750,3.217680708890351,3.425025077961366
1515,75800,3.2172840262472016,3.424933670168127
1516,75850,3.2176124326510815,3.4241766686162487
1517,75900,3.2178860557349576,3.423820677477056
1518,75950,3.2188151730702197,3.424532725111772
1519,76000,3.2188055423413444,3.4242566611548324
1520,76050,3.2180708200197192,3.424590334252429
1521,76100,3.21838430635637,3.4247525802920085
1522,76150,3.217921860289405,3.4251276535511774
1523,76200,3.21768438790139,3.424637929475727
1524,76250,3.217373597823225,3.4248512820444144
1525,76300,3.2167029887549208,3.425112539190651
1526,76350,3.2166807636875667,3.4244211186758617
1527,76400,3.2154483682537913,3.424626292636186
1528,76450,3.216019203267792,3.4250937938234784
1529,76500,3.2152010626148138,3.425208009756673
1530,76550,3.2155129876885153,3.425429357317157
1531,76600,3.2148463641176863,3.425713808273216
1532,76650,3.214772267539825,3.4248394632320256
1533,76700,3.214222655720703,3.4262377897005383
1534,76750,3.214317799232509,3.426991121637743
1535,76800,3.215059910978291,3.426926660522171
1536,76850,3.2147194167761803,3.4272817571172243
1537,76900,3.2145275140057317,3.42589683183952
1538,76950,3.215393587110586,3.42646376905914
1539,77000,3.2148306691541753,3.425705061493923
1540,77050,3.2146230189668192,3.425543884111352
1541,77100,3.2144597260198675,3.425591490008553
1542,77150,3.2138530824444596,3.424919161834458
1543,77200,3.213897687047726,3.425212047723748
1544,77250,3.213706767442456,3.426339497134541
1545,77300,3.2133215380441187,3.426342936371496
1546,77350,3.213903617065925,3.4265810657426465
1547,77400,3.2147514871320215,3.4270465252035156
1548,77450,3.2143248451197906,3.427188564073525
1549,77500,3.215360081423152,3.4266713168581244
1550,77550,3.214946745569741,3.426724171651381
1551,77600,3.2144074578137403,3.4266492633031196
1552,77650,3.214051494278895,3.4261677942340403
1553,77700,3.2138708310639568,3.425777721341954
1554,77750,3.213881403555801,3.4264339936532164
1555,77800,3.213711771319137,3.426925609468341
1556,77850,3.2137300867556626,3.4264194171623856
1557,77900,3.214263969651542,3.4265326161864285
1558,77950,3.2161165414783497,3.4260409499125655
1559,78000,3.21617351413365,3.426227248088972
1560,78050,3.2159933533045546,3.4260378545539965
1561,78100,3.2157532003212204,3.4261477253300936
1562,78150,3.2158173965687484,3.4256349030756765
1563,78200,3.2159352068742586,3.4255401205135554
1564,78250,3.215436538209214,3.4247063195159053
1565,78300,3.215406804016515,3.4259351614295994
1566,78350,3.2158913010573023,3.426697821586146
1567,78400,3.2166270710212053,3.426651471358818
1568,78450,3.2171471649623236,3.4279230039768054
1569,78500,3.217149927009357,3.4283253215913025
1570,78550,3.2180353444539715,3.42840788030424
1571,78600,3.21805441597476,3.428550964717862
1572,78650,3.217716356706321,3.429755694263758
1573,78700,3.2174083605936294,3.4291021771000216
1574,78750,3.216962032813247,3.4292462882259604
1575,78800,3.2172400114454414,3.4287161506291186
1576,78850,3.217014349164808,3.428195175889558
1577,78900,3.2173784247661197,3.4281336539342866
1578,78950,3.216993766203834,3.4286708899548515
1579,79000,3.216713932010211,3.428129171120222
1580,79050,3.216427881888782,3.428767548856622
1581,79100,3.2167388665562133,3.4282809160002823
1582,79150,3.2158034639036526,3.4277968592930024
1583,79200,3.215517397513604,3.4284312400962795
1584,79250,3.2161322162345094,3.429225777224214
1585,79300,3.2152582148229776,3.4288797037944634
1586,79350,3.2143950814342994,3.428311948474373
1587,79400,3.2148348383248617,3.4281386326259353
1588,79450,3.2139690791887623,3.4281547858349977
1589,79500,3.2132189445765897,3.4285439016632955
1590,79550,3.214017799762583,3.428913656956421
1591,79600,3.2134404308527933,3.428535719214046
1592,79650,3.21289735292476,3.4282595371235027
1593,79700,3.2128757100070744,3.42764031979276
1594,79750,3.212773751106625,3.427569087794406
1595,79800,3.212204208534283,3.427502992737362
1596,79850,3.211795614172298,3.426926667935063
1597,79900,3.2109824414759567,3.4270659587182606
1598,79950,3.2111624576543543,3.4275470963934134
1599,80000,3.2119347811114434,3.42777638252959
1600,80050,3.2116040924607465,3.426854811221556
1601,80100,3.2110233834143935,3.426985723373521
1602,80150,3.210893543151362,3.4263034824686622
1603,80200,3.211097203562728,3.426051578141715
1604,80250,3.2114446768170075,3.4259238783106394
1605,80300,3.2109152504528398,3.4258875458365527
1606,80350,3.2114393549441735,3.425507059017494
1607,80400,3.2111629754728623,3.4256899681938453
1608,80450,3.2107523095684902,3.425189599649492
1609,80500,3.210773440133182,3.4253022895777026
1610,80550,3.2111770520254654,3.4254605918809977
1611,80600,3.21131927172634,3.4257653121347715
1612,80650,3.2111739037049065,3.425502411242186
1613,80700,3.2108525409360285,3.4255316202362014
1614,80750,3.2101953140336468,3.425106755388276
1615,80800,3.2106422137745363,3.4252264861772623
1616,80850,3.210391079063738,3.425147737705908
1617,80900,3.2104431881811673,3.4247928028884984
1618,80950,3.210602047514525,3.4249339336807085
1619,81000,3.2096671568207635,3.4248375381770444
1620,81050,3.2098268573422795,3.4248363138650126
1621,81100,3.209884873449588,3.423907555798797
1622,81150,3.209852355721324,3.4238647825694297
1623,81200,3.210278447714382,3.4236652040226976
1624,81250,3.2103756083385124,3.4239978594882365
1625,81300,3.2097107586723332,3.4232101288381216
1626,81350,3.2097137604620714,3.4233361983949315
1627,81400,3.2096219481980053,3.4235226226637185
1628,81450,3.2091274228617337,3.4234939102704436
1629,81500,3.2089042517079553,3.4227770235043593
1630,81550,3.208592824333289,3.4230228045345408
1631,81600,3.2093599320021964,3.4224179783960476
1632,81650,3.209890716526885,3.4230375063309326
1633,81700,3.209754210160228,3.422751333171048
1634,81750,3.210296595181012,3.4234107006992804
1635,81800,3.210845006493791,3.4231115309013953
1636,81850,3.210384527988428,3.4229550255404977
1637,81900,3.2100611969865334,3.4234865102135936
1638,81950,3.2102305492304106,3.4226414517060593
1639,82000,3.210522835359531,3.4220031872490426
1640,82050,3.2102535019667395,3.4212253889756212
1641,82100,3.210376859249299,3.4204610809975273
1642,82150,3.209881325734944,3.4212175327812444
1643,82200,3.2102381337532857,3.4205870027144534
1644,82250,3.210602092943126,3.4210471674815732
1645,82300,3.2099346470226897,3.4206117169979513
1646,82350,3.209873175201303,3.4203605719158245
1647,82400,3.2094409678513616,3.4209957490275773
1648,82450,3.210154967745101,3.4205299008000924
1649,82500,3.2101275089729304,3.4206133542552863
1650,82550,3.210540313892924,3.4213356351337465
1651,82600,3.211045686124038,3.4208992031253698
1652,82650,3.211018460128649,3.420776183555399
1653,82700,3.211324487557588,3.421009726861671
1654,82750,3.210572456862137,3.4216207505349403
1655,82800,3.211053035774582,3.4220797117356994
1656,82850,3.211037269806892,3.4222413831899026
1657,82900,3.210865412104503,3.4219709867276253
1658,82950,3.210855702566505,3.4223005796430326
1659,83000,3.2102983828905662,3.4233325143826576
1660,83050,3.211116573563777,3.4238641061840545
1661,83100,3.210501629407649,3.423767980112563
1662,83150,3.2100273256228684,3.4239085893793693
1663,83200,3.209827643308371,3.423885848880883
1664,83250,3.2105887762129783,3.423315541267851
1665,83300,3.2102811559802484,3.4241008323087376
1666,83350,3.2109910002778808,3.424067860892109
1667,83400,3.211452792276975,3.4236658146824483
1668,83450,3.2111482586919773,3.4236395282643257
1669,83500,3.2104136092406534,3.423871668099836
1670,83550,3.2105802962443137,3.424378538273604
1671,83600,3.2109794813800225,3.4242516465672983
1672,83650,3.210738554939183,3.424374537812444
1673,83700,3.210145534158807,3.424286062500402
1674,83750,3.2099749722404876,3.4238901809731925
1675,83800,3.210445794434448,3.424909135348357
1676,83850,3.210664143001478,3.4253943374311886
1677,83900,3.211062350321562,3.424791706313304
1678,83950,3.210897497537839,3.424575761600254
1679,84000,3.2103489748380305,3.42426449612467
1680,84050,3.2099713706835593,3.4242974170284186
1681,84100,3.2101673724134137,3.4234825542519065
1682,84150,3.210642778554739,3.4233232143245207
1683,84200,3.2103330293040013,3.423144881823475
1684,84250,3.2103409147979094,3.422858524213595
1685,84300,3.2103223293996885,3.4229014582239516
1686,84350,3.2102657371152215,3.422633909986631
1687,84400,3.210720665010989,3.4225813799156124
1688,84450,3.211236060728997,3.4226003404997227
1689,84500,3.2115750202015967,3.4227171167993893
1690,84550,3.211838007125038,3.4233543539772078
1691,84600,3.212454090654887,3.422628913813676
1692,84650,3.2130326212477134,3.4221466388056805
1693,84700,3.213072856569758,3.421977979713067
1694,84750,3.213175422410477,3.4220943392546217
1695,84800,3.213233347177913,3.4218100761464236
1696,84850,3.2129602416728313,3.4210869973323277
1697,84900,3.2135657617662186,3.4214512054977404
1698,84950,3.2134261073336234,3.4213161118236557
1699,85000,3.2134911567048468,3.42106622064857
1700,85050,3.2129204623609913,3.421601077330422
1701,85100,3.213237755170066,3.4216206629085866
1702,85150,3.2145241199927646,3.421368817704602
1703,85200,3.2137843038745966,3.4210016877489555
1704,85250,3.213774119397018,3.420560208068644
1705,85300,3.2138840520877343,3.420741341528435
1706,85350,3.214694825165666,3.420530580936092
1707,85400,3.2138302497976023,3.420198796126651
1708,85450,3.2135547534031237,3.4201754609429416
1709,85500,3.212986060477246,3.4209542856063604
1710,85550,3.2130014713018618,3.420754087641671
1711,85600,3.212206801541612,3.4207435919839315
1712,85650,3.2115979876850385,3.4203038247803086
1713,85700,3.211994024228907,3.4214855975923637
1714,85750,3.2116289957192983,3.420997239708812
1715,85800,3.211037724599922,3.4207057024715417
1716,85850,3.2115060172071916,3.419991150596376
1717,85900,3.21173975158744,3.4199929927865633
1718,85950,3.2117950944067695,3.419921120365003
1719,86000,3.211994073278164,3.4190997636544966
1720,86050,3.2120748518076843,3.4191220486621354
1721,86100,3.2117122490438197,3.419158716671892
1722,86150,3.213023682418997,3.419393841431331
1723,86200,3.2132406717080286,3.418668299613703
1724,86250,3.213645582814122,3.4182755507327953
1725,86300,3.214130160653259,3.4181878913051036
1726,86350,3.2138097531335155,3.4179639869983487
1727,86400,3.213550296658238,3.416957159681678
1728,86450,3.2141210428662634,3.4171581377597566
1729,86500,3.2149543630908117,3.4167454340538175
1730,86550,3.2152573076030437,3.4170620175544926
1731,86600,3.2148251143654316,3.416569193907503
1732,86650,3.2154205142345247,3.4162474651391186
1733,86700,3.215638491362928,3.4155487592986042
1734,86750,3.2152066226515883,3.4159173087172867
1735,86800,3.2157523549349887,3.4156200829511114
1736,86850,3.215739149636684,3.415476359416818
1737,86900,3.216399868493374,3.41639981439377
1738,86950,3.217020145424293,3.4160673516238806
1739,87000,3.21739727517957,3.417308722550792
1740,87050,3.2175709150319993,3.4174440278805123
1741,87100,3.2167163225964015,3.4177092162449245
1742,87150,3.216684340297021,3.417378981597926
1743,87200,3.21639044706153,3.416734012849258
1744,87250,3.2164197350445987,3.4164883912439112
1745,87300,3.21689813168202,3.416433988715515
1746,87350,3.216645306701853,3.4171396193737937
1747,87400,3.2155977231913924,3.4159459727740744
1748,87450,3.2156709840356927,3.4157908247634197
1749,87500,3.21574580509939,3.4167086016057997
1750,87550,3.2151946251401786,3.4165635757481017
1751,87600,3.2149798874457054,3.416316130640745
1752,87650,3.2145978481658255,3.4165472136361092
1753,87700,3.2144560326085205,3.4169252516510285
1754,87750,3.214815414508548,3.417209778155843
1755,87800,3.2148708928869834,3.4168712064757853
1756,87850,3.214842386048359,3.4163095549542213
1757,87900,3.2154957087384384,3.41644630416258
1758,87950,3.216126652845828,3.4160612841159814
1759,88000,3.216413678687393,3.4161349597572115
1760,88050,3.2168862150869337,3.4164066875960772
1761,88100,3.216593642046076,3.4162967927645136
1762,88150,3.216391412861464,3.4161913344661037
1763,88200,3.2168194045299447,3.417056421147121
1764,88250,3.2167172873647596,3.4164086017553514
1765,88300,3.2168659440618077,3.416116880520983
1766,88350,3.2166308982563834,3.4160876908199733
1767,88400,3.216848687944551,3.415726288764008
1768,88450,3.216600454436481,3.4165101592895644
1769,88500,3.215895233591594,3.4157312581659847
1770,88550,3.2154220405351475,3.4158553255549755
1771,88600,3.216418275411663,3.4157583384365
1772,88650,3.2166534003131027,3.416635607532985
1773,88700,3.2164343079863498,3.416487631919215
1774,88750,3.2168707638508365,3.416561820900385
1775,88800,3.217249565203463,3.4163816833155067
1776,88850,3.217630208188181,3.416180472694609
1777,88900,3.2173268285968732,3.4159014919957356
1778,88950,3.2170239918703447,3.4155991695402914
1779,89000,3.217949497250244,3.4159816961497467
1780,89050,3.2180429058942224,3.4163434489894184
1781,89100,3.218202790950083,3.4156455145887272
1782,89150,3.21887504364713,3.4152066466103674
1783,89200,3.218653832331032,3.4150074649260245
1784,89250,3.2186939048603302,3.415268225538136
1785,89300,3.21877375372776,3.4154045266189934
1786,89350,3.2183150982426536,3.41491451429708
1787,89400,3.2179764354356766,3.4146904596192527
1788,89450,3.2185917728810773,3.414448188146746
1789,89500,3.2188998639385606,3.414153136770488
1790,89550,3.219648289469955,3.413396552874162
1791,89600,3.2198105780133273,3.4133465810296366
1792,89650,3.2195687114714127,3.4125139318786464
1793,89700,3.220224328916592,3.411994119391492
1794,89750,3.220233307680634,3.4110529014488318
1795,89800,3.220332911622914,3.4107592866194185
1796,89850,3.220277028354067,3.4103901355322996
1797,89900,3.2213247251192563,3.4100037696639833
1798,89950,3.2205448389515725,3.409752531730872
1799,90000,3.220732464834704,3.4100463896837074
1800,90050,3.2203507275274763,3.4095645380454926
1801,90100,3.2212728583734194,3.4090311741945967
1802,90150,3.2216194716277307,3.408684429611041
1803,90200,3.2218303943494924,3.4086446069883762
1804,90250,3.2218319622808926,3.408413436825388
1805,90300,3.2209227691807283,3.4083769445116068
1806,90350,3.220747770079797,3.407982427487137
1807,90400,3.2209930615201903,3.407942552210562
1808,90450,3.220895516839994,3.4083599432036227
1809,90500,3.2210039490782627,3.408593108569584
1810,90550,3.220550806281334,3.4090385907791156
1811,90600,3.219873281024522,3.409702936613262
1812,90650,3.2190447531738102,3.4096897649349107
1813,90700,3.21975947979033,3.4103982853669828
1814,90750,3.2204168375229383,3.4101524513359327
1815,90800,3.220561024747932,3.4107537426770405
1816,90850,3.220605125880759,3.411011343822366
1817,90900,3.2204334102320447,3.411227384044097
1818,90950,3.2197329720993335,3.4118642496998626
1819,91000,3.2200945649370807,3.411515595728464
1820,91050,3.219975558469067,3.4112132786257336
1821,91100,3.2201126681097505,3.4113778274898587
1822,91150,3.2205690729213847,3.4119417237418084
1823,91200,3.2213854739805234,3.411813180753545
1824,91250,3.2216185319760604,3.411585741866075
1825,91300,3.222075590347824,3.4112249477662644
1826,91350,3.22227278353495,3.410848455910924
1827,91400,3.222555634038292,3.409825047332014
1828,91450,3.222445643307849,3.4094689028656413
1829,91500,3.2218461607248905,3.4088855039718595
1830,91550,3.2216251155825737,3.4091825674907588
1831,91600,3.2216894413255828,3.409016877454214
1832,91650,3.2211780722645176,3.4095509837585203
1833,91700,3.2210947148891487,3.408982816220324
1834,91750,3.2209162094624966,3.4080532433100768
1835,91800,3.2205401724374005,3.4081096267348703
1836,91850,3.2206787048671917,3.408516099407476
1837,91900,3.220766733571166,3.408870917954262
1838,91950,3.220579758190003,3.4094889374980344
1839,92000,3.2203615297635193,3.408438378138279
1840,92050,3.2195516681147613,3.40855321542135
1841,92100,3.219308724641683,3.407995959808823
1842,92150,3.2192445357319266,3.4080667784005674
1843,92200,3.219325172446774,3.4081591410544685
1844,92250,3.219581101535788,3.4076234034131674
1845,92300,3.2195512359630905,3.407580970976686
1846,92350,3.219805516526678,3.407196504181834
1847,92400,3.2194939815567998,3.406323254819353
1848,92450,3.2192701344552788,3.4057200301171418
1849,92500,3.219251490913878,3.4055235363571303
1850,92550,3.2195994853074175,3.405551257802778
1851,92600,3.218504413387104,3.4056450928407895
1852,92650,3.2189714867397003,3.4060532529996577
1853,92700,3.219023221330465,3.4065435380652342
1854,92750,3.2190777940207354,3.406896701626509
1855,92800,3.2190289667253627,3.4075934405928323
1856,92850,3.2182695858651518,3.4083053042192453
1857,92900,3.2181925379426892,3.408519490896824
1858,92950,3.2178816147966858,3.4088704124552716
1859,93000,3.2186070127238846,3.4085800630981455
1860,93050,3.2185303516694326,3.4090579025921652
1861,93100,3.2180231163208877,3.4090893996235874
1862,93150,3.218301488779575,3.4090829487616996
1863,93200,3.218130926515153,3.4102776160789188
1864,93250,3.2180332529668503,3.410878305334488
1865,93300,3.2176485704546987,3.4112035989920635
1866,93350,3.2170150599635443,3.4112793926111915
1867,93400,3.2171203682890837,3.411549859497776
1868,93450,3.217406584454435,3.4117389716921944
1869,93500,3.2175635371162477,3.4112177522048324
1870,93550,3.2176508920931846,3.411689465546109
1871,93600,3.2175286785603907,3.4125663798680828
1872,93650,3.2174067757117832,3.412349544843987
1873,93700,3.2170560920157167,3.412563351768383
1874,93750,3.2169420806562843,3.412332546355154
1875,93800,3.216792059263443,3.4117885848071574
1876,93850,3.2176378121201274,3.4112578418027923
1877,93900,3.2179661873318777,3.411683413596539
1878,93950,3.2180023798369586,3.41221759738505
1879,94000,3.21816929418578,3.411535764739778
1880,94050,3.217562440996656,3.4113410095294046
1881,94100,3.217075320094677,3.410969301148915
1882,94150,3.2168998889457514,3.4108234687122296
1883,94200,3.2163095353435325,3.410771302233701
1884,94250,3.216341839971844,3.411218193198314
1885,94300,3.2157873210827463,3.4125361292301286
1886,94350,3.2151712797063214,3.4124705470437755
1887,94400,3.215088557432386,3.4130918287837857
1888,94450,3.2152755352663487,3.4137694795967906
1889,94500,3.2147506968615573,3.4135407542289617
1890,94550,3.214588657244619,3.41350954812472
1891,94600,3.2145522145277368,3.4133334139400273
1892,94650,3.2142677237134154,3.413150856696238
1893,94700,3.214508853419106,3.413347560571629
1894,94750,3.2144591641050306,3.4134904226322513
1895,94800,3.2139740787569515,3.4134730070399915
1896,94850,3.214342713288548,3.4131004822272546
1897,94900,3.2146552035232303,3.4121113332794275
1898,94950,3.215214411173499,3.4123834064753904
1899,95000,3.215185063805753,3.4116956413276855
1900,95050,3.2147492601234786,3.4116539504667083
1901,95100,3.214602061511473,3.4115664313195544
1902,95150,3.2147645148653234,3.4120969042110803
1903,95200,3.214016082287549,3.4127161757184483
1904,95250,3.2136187042378084,3.4127012799951615
1905,95300,3.2139797874917435,3.412934683098985
1906,95350,3.213003283402508,3.4136674931867548
1907,95400,3.212696632285374,3.4130502659495705
1908,95450,3.2129809736963844,3.413060848316738
1909,95500,3.213738502510393,3.4128772204576596
1910,95550,3.214117708181257,3.4129964995979054
1911,95600,3.214521096658492,3.4138242071790437
1912,95650,3.2149495956357264,3.4139459726278574
1913,95700,3.2151662897978968,3.414078537619155
1914,95750,3.214960807498684,3.4138504815414534
1915,95800,3.2151317778174446,3.4137063848915594
1916,95850,3.2152959115504154,3.414150988355822
1917,95900,3.215242640085171,3.4135104710199005
1918,95950,3.215528663220778,3.4135264848342075
1919,96000,3.215163364316111,3.4141768757948063
1920,96050,3.215082604313986,3.413842096741021
1921,96100,3.2147951977539972,3.413317514902226
1922,96150,3.2150017672101114,3.413320983783197
1923,96200,3.2149785610195347,3.4140590492306293
1924,96250,3.2150070302815936,3.413215188476758
1925,96300,3.2154252983887024,3.4123030208847855
1926,96350,3.214917759715535,3.412200861201463
1927,96400,3.2144925263634345,3.4122675353353875
1928,96450,3.2145363626712653,3.4121516202184408
1929,96500,3.2143944549039642,3.4123496641854936
1930,96550,3.2141945761747044,3.4128199875549896
1931,96600,3.2145527906599467,3.4125399218331367
1932,96650,3.2152245911404367,3.412539276808398
1933,96700,3.2148906406396254,3.412544239131665
1934,96750,3.215172104077259,3.4129696411293766
1935,96800,3.2154130047753626,3.4126571695865313
1936,96850,3.2151422218463317,3.412481104870684
1937,96900,3.21478151752692,3.4132322602815646
1938,96950,3.2144588341317433,3.4136436502414673
1939,97000,3.2154393186423333,3.4138438333789676
1940,97050,3.2149792992453747,3.413299323216301
1941,97100,3.2148282327464144,3.4140369670884407
1942,97150,3.215154922031285,3.4142718478895366
1943,97200,3.2154281856754627,3.41483881342956
1944,97250,3.215577039907167,3.414936364713297
1945,97300,3.2159408459270447,3.4150834426170875
1946,97350,3.215631492687155,3.4156430489795917
1947,97400,3.2157915273134,3.415694622472302
1948,97450,3.216190469071239,3.415230893773815
1949,97500,3.21601271902476,3.4158476927323544
1950,97550,3.2162261055099766,3.415552098639129
1951,97600,3.2154833080242127,3.415319035931814
1952,97650,3.2154080280746644,3.415369278793918
1953,97700,3.2157519962655665,3.4151328593091157
1954,97750,3.2157675349103427,3.4150784985521394
1955,97800,3.2152086208071844,3.4152874387177707
1956,97850,3.2151215822015735,3.4152355923112627
1957,97900,3.214729549113693,3.415604175884835
1958,97950,3.215262523148537,3.415383382965145
1959,98000,3.215106319043684,3.4147870487580225
1960,98050,3.2153236495510953,3.4146387642914515
1961,98100,3.215630347357978,3.4144164398181673
1962,98150,3.2163213769372185,3.414019624342049
1963,98200,3.2166549636020556,3.4140680260543217
1964,98250,3.2157578237817668,3.41404840665733
1965,98300,3.2162242814944455,3.4138137715718413
1966,98350,3.2173148958218185,3.41331361811274
1967,98400,3.217648911639655,3.4138296942500403
1968,98450,3.217441235199423,3.4139465987152398
1969,98500,3.2175496819709166,3.413940965548619
1970,98550,3.2177422508680134,3.4139760262523557
1971,98600,3.2180898058784093,3.413311342334178
1972,98650,3.217625817136968,3.4135443853916194
1973,98700,3.2178417281613325,3.4131344155500303
1974,98750,3.2176016927395086,3.4138064263160444
1975,98800,3.217731592451968,3.4140687653649913
1976,98850,3.217615834936116,3.4138851467958693
1977,98900,3.2179798947697966,3.4135395245260343
1978,98950,3.2172585325210528,3.413689389781073
1979,99000,3.216967219054621,3.413954292280593
1980,99050,3.2166420534543936,3.4137914668636222
1981,99100,3.216749496585251,3.413669665804813
1982,99150,3.2169120582081665,3.4138172775043607
1983,99200,3.216792393395516,3.4136358928082013
1984,99250,3.2166780487325726,3.414117483509211
1985,99300,3.216797566363947,3.414455149782839
1986,99350,3.216292578955828,3.414159707834686
1987,99400,3.21666458763901,3.413811928310003
1988,99450,3.2172431763525235,3.4143635427290167
1989,99500,3.2174523410978266,3.4142099968642166
1990,99550,3.2178215228885465,3.413635710064207
1991,99600,3.218381901229408,3.413673078982046
1992,99650,3.218616361744374,3.4136697796296973
1993,99700,3.2192510516061787,3.414589373129768
1994,99750,3.2187121973759787,3.4144831769339703
1995,99800,3.2185835473573627,3.414857892710012
1996,99850,3.2185062070997934,3.4146136541873213
1997,99900,3.2187435339075265,3.4146264130359123
1998,99950,3.218964154393617,3.4145732663351644
1999,100000,3.2188818184484913,3.4146299550174612
