,Nb_iterations,Put_down_and_out
0,50,0.5567949140628301
1,100,0.6430677771697266
2,150,0.4969997352593628
3,200,0.570827385652209
4,250,0.5069122972479283
5,300,0.5497477272398132
6,350,0.5384734117534454
7,400,0.527101214554057
8,450,0.5059840757717224
9,500,0.5024300953696182
10,550,0.5047161492311791
11,600,0.5010894240707771
12,650,0.4977592525916088
13,700,0.4880235812294241
14,750,0.4994425528035384
15,800,0.5008809057463308
16,850,0.5008915433406737
17,900,0.499742048337294
18,950,0.4995668293864962
19,1000,0.5205742276350138
20,1050,0.5127392498321642
21,1100,0.5079531560909551
22,1150,0.5076872536093158
23,1200,0.498919652511121
24,1250,0.5079979641177749
25,1300,0.5080647486748248
26,1350,0.5007439590275236
27,1400,0.5014566584339124
28,1450,0.49849310235781524
29,1500,0.4969512851117257
30,1550,0.49110707974244167
31,1600,0.4937469678490396
32,1650,0.4962314809525613
33,1700,0.49493950509037704
34,1750,0.4972610467107999
35,1800,0.502977631181755
36,1850,0.49977051545811907
37,1900,0.5029196976172206
38,1950,0.5112763885327868
39,2000,0.5157031506855704
40,2050,0.5236574288741953
41,2100,0.5174116639570945
42,2150,0.5240380652955308
43,2200,0.5219128459474622
44,2250,0.5171865766138535
45,2300,0.5264161003896515
46,2350,0.5400714707337353
47,2400,0.5374856525295792
48,2450,0.5312967292207963
49,2500,0.5358369554799964
50,2550,0.5443438550099089
51,2600,0.5438644576492045
52,2650,0.5391723358782731
53,2700,0.534489087830966
54,2750,0.5342241027848551
55,2800,0.5386421753326713
56,2850,0.5398278134981528
57,2900,0.5361537339580796
58,2950,0.5348133490516919
59,3000,0.5277320737553083
60,3050,0.5280023874573617
61,3100,0.53363519461065
62,3150,0.5383814839797664
63,3200,0.5347354590211499
64,3250,0.5297644962051296
65,3300,0.5258170973286559
66,3350,0.5223759898288975
67,3400,0.5211221326553577
68,3450,0.520425071458326
69,3500,0.5244006500091005
70,3550,0.5296823325019392
71,3600,0.5258405414264901
72,3650,0.5276361765351979
73,3700,0.5264226382460232
74,3750,0.5283148775947205
75,3800,0.5294163764348527
76,3850,0.5292225224599747
77,3900,0.5266294550375795
78,3950,0.5240099133700384
79,4000,0.5254015466492646
80,4050,0.5249500311830182
81,4100,0.5256105320475276
82,4150,0.5250840587651617
83,4200,0.5289585721549985
84,4250,0.5275637506701528
85,4300,0.5263316066801432
86,4350,0.5242025762383867
87,4400,0.5263638947117081
88,4450,0.5243775580737033
89,4500,0.5289937628343409
90,4550,0.5286241618019035
91,4600,0.5300906895703957
92,4650,0.5287909026916012
93,4700,0.5265141835668072
94,4750,0.5348974650332704
95,4800,0.5350945376825055
96,4850,0.5392268098533735
97,4900,0.5384734585427886
98,4950,0.5377226093163505
99,5000,0.5392343113570771
100,5050,0.5367977896537935
101,5100,0.5343406851946226
102,5150,0.533489505038012
103,5200,0.5370690607575888
104,5250,0.5400673770500694
105,5300,0.5407353526533873
106,5350,0.538987345069941
107,5400,0.5406907762514416
108,5450,0.5412141672981172
109,5500,0.5404777446786446
110,5550,0.5384192321958579
111,5600,0.5389354108801924
112,5650,0.5392101067754823
113,5700,0.5372465004188003
114,5750,0.5369778097451845
115,5800,0.5369645691697411
116,5850,0.5380722428586707
117,5900,0.5376088368967018
118,5950,0.5348823526964875
119,6000,0.5340113276084681
120,6050,0.533667828142094
121,6100,0.5325936425556684
122,6150,0.5341780244572465
123,6200,0.5318290714763807
124,6250,0.5325637968246578
125,6300,0.5342653991185002
126,6350,0.5324904733862482
127,6400,0.5326076904814185
128,6450,0.5324067441117386
129,6500,0.5329748881051103
130,6550,0.5300331595566703
131,6600,0.5306847475762274
132,6650,0.531301359551492
133,6700,0.5308228061484057
134,6750,0.532395495102929
135,6800,0.5316167588479497
136,6850,0.5309465909411119
137,6900,0.5297883468709222
138,6950,0.5279306227862758
139,7000,0.5265526314692995
140,7050,0.5247580651648267
141,7100,0.5277996924430028
142,7150,0.5282240935620387
143,7200,0.5281548318053726
144,7250,0.5294109071737984
145,7300,0.5307676477863875
146,7350,0.5292201423369757
147,7400,0.5293035742218503
148,7450,0.5307347130464737
149,7500,0.5300836909282755
150,7550,0.5304838617287659
151,7600,0.5300771709715123
152,7650,0.5302549580799463
153,7700,0.5317151121229757
154,7750,0.532813105224498
155,7800,0.5311878962282406
156,7850,0.5317232001146507
157,7900,0.5317260824695001
158,7950,0.532303302241039
159,8000,0.5311012358864401
160,8050,0.5309631141322005
161,8100,0.5326809958316113
162,8150,0.531692084511994
163,8200,0.5323011651375413
164,8250,0.5330138140748282
165,8300,0.5317639912689456
166,8350,0.530624439361491
167,8400,0.5297979791630728
168,8450,0.5295028670146608
169,8500,0.5304996840647062
170,8550,0.5313055010754018
171,8600,0.5304063670108982
172,8650,0.5299067756077446
173,8700,0.5306584923768733
174,8750,0.5306559444325986
175,8800,0.5295176891508073
176,8850,0.5326264400028414
177,8900,0.5310744807562334
178,8950,0.5310274453061968
179,9000,0.5288240798691823
180,9050,0.5295842847351097
181,9100,0.5296742683721642
182,9150,0.5281735677461401
183,9200,0.5278716331708933
184,9250,0.5259641301419204
185,9300,0.5261693070858922
186,9350,0.5263827482924034
187,9400,0.5270608814984291
188,9450,0.5268222431587409
189,9500,0.5253260434213951
190,9550,0.5255604101666955
191,9600,0.526900845153741
192,9650,0.5303727845773956
193,9700,0.5309613073555078
194,9750,0.5310315136278255
195,9800,0.530244605451718
196,9850,0.5311516651423469
197,9900,0.5326197986620785
198,9950,0.533158438723539
199,10000,0.5329196896749471
200,10050,0.5334604940554534
201,10100,0.5329095063085384
202,10150,0.5338512932685902
203,10200,0.5352903353023151
204,10250,0.5351293444964832
205,10300,0.5343047018809464
206,10350,0.5355750820506848
207,10400,0.5352709692875564
208,10450,0.5362089079871148
209,10500,0.5350154797515692
210,10550,0.5354517336767708
211,10600,0.5357340267077957
212,10650,0.5353420637010881
213,10700,0.533703109661713
214,10750,0.5340767608753526
215,10800,0.5340793042288889
216,10850,0.5335876858879989
217,10900,0.5348644650936095
218,10950,0.5352338936185682
219,11000,0.5352195434014543
220,11050,0.5340980939356496
221,11100,0.5334693517678509
222,11150,0.532358344849979
223,11200,0.5338956866205551
224,11250,0.53369258079615
225,11300,0.532346943737403
226,11350,0.5300441196857578
227,11400,0.5294267504717093
228,11450,0.5297232089807581
229,11500,0.5287206972209211
230,11550,0.5282581833720176
231,11600,0.5275087645103228
232,11650,0.5264060737865852
233,11700,0.5264908491524379
234,11750,0.5258877062404271
235,11800,0.5274644937765809
236,11850,0.5260710016627851
237,11900,0.527901156870769
238,11950,0.527908789733799
239,12000,0.5279976763082225
240,12050,0.5284416063031049
241,12100,0.5280507942844302
242,12150,0.5278624675913539
243,12200,0.528558021096143
244,12250,0.5292751461999424
245,12300,0.5283092570705551
246,12350,0.5295469301236505
247,12400,0.5306843993195435
248,12450,0.5297272180700682
249,12500,0.5289868415926805
250,12550,0.528233815352651
251,12600,0.5270883372473644
252,12650,0.5275599366935604
253,12700,0.5278006056016032
254,12750,0.5272530982363035
255,12800,0.5269747308312336
256,12850,0.5272715183952336
257,12900,0.526888794481475
258,12950,0.527421124506454
259,13000,0.5274793512096293
260,13050,0.5276386749154077
261,13100,0.5275142932407854
262,13150,0.5265653037914347
263,13200,0.5254520594550097
264,13250,0.525099613751619
265,13300,0.5239141584496841
266,13350,0.5250220502280866
267,13400,0.5251955912710736
268,13450,0.525284505025057
269,13500,0.5244892697351519
270,13550,0.52551317860868
271,13600,0.5256141704864571
272,13650,0.5259547034987911
273,13700,0.5253514278207737
274,13750,0.5264846257773345
275,13800,0.5263623479157017
276,13850,0.527081644768573
277,13900,0.5264579432043837
278,13950,0.5284070274572608
279,14000,0.5273882067688584
280,14050,0.5270850788125975
281,14100,0.5274596381441241
282,14150,0.5275788805922642
283,14200,0.5277229395563754
284,14250,0.5273331678091419
285,14300,0.5271794845026598
286,14350,0.5276999338028553
287,14400,0.528156730407847
288,14450,0.5288770561909271
289,14500,0.5280504962156022
290,14550,0.5285434472030993
291,14600,0.5290969819016595
292,14650,0.5283598830295948
293,14700,0.5289055581591662
294,14750,0.5284836710091579
295,14800,0.528707970208856
296,14850,0.5279086905925017
297,14900,0.5271173645574039
298,14950,0.5273439431235741
299,15000,0.5282381656590657
300,15050,0.5285630927970153
301,15100,0.5285235203982336
302,15150,0.5283485731319875
303,15200,0.5292651140200879
304,15250,0.5295853056641516
305,15300,0.5295028121235573
306,15350,0.5295583713247017
307,15400,0.5295126152574099
308,15450,0.5287675608559768
309,15500,0.5295486878247084
310,15550,0.5301030536838933
311,15600,0.5305434026222312
312,15650,0.5302930865359035
313,15700,0.5302866903125133
314,15750,0.5299097680363835
315,15800,0.5297284151517808
316,15850,0.5295485650399822
317,15900,0.5296253121640303
318,15950,0.5300063025968937
319,16000,0.5293987272387446
320,16050,0.5290248997975082
321,16100,0.528501158337162
322,16150,0.5277848650738389
323,16200,0.5271304341161295
324,16250,0.5273602167971291
325,16300,0.5278593826584775
326,16350,0.5289953001016745
327,16400,0.5291852563828923
328,16450,0.529437633612298
329,16500,0.5290105441855656
330,16550,0.5288776857110351
331,16600,0.5283084965394086
332,16650,0.5296938954792548
333,16700,0.529195243372723
334,16750,0.5288325221694467
335,16800,0.5286266267776458
336,16850,0.5290383726105877
337,16900,0.5293750091360099
338,16950,0.5289745140336145
339,17000,0.528328782759633
340,17050,0.5282171288894324
341,17100,0.5284367676819802
342,17150,0.5279309681129585
343,17200,0.527980039201647
344,17250,0.5292385679609406
345,17300,0.5298024559032135
346,17350,0.529659827519143
347,17400,0.5298195962346367
348,17450,0.5302085821783987
349,17500,0.5301591121587457
350,17550,0.529608360352628
351,17600,0.5283300512307488
352,17650,0.5284580561670043
353,17700,0.5286344867161636
354,17750,0.5284865174375522
355,17800,0.5273429819323185
356,17850,0.5272825903238586
357,17900,0.5268642026055477
358,17950,0.5268142830554801
359,18000,0.5275533836452234
360,18050,0.5274171848844897
361,18100,0.5267987882208928
362,18150,0.525787609949046
363,18200,0.5252147606444886
364,18250,0.5253085780946628
365,18300,0.5247418953082453
366,18350,0.5249892162886193
367,18400,0.5253909485611089
368,18450,0.525502903529732
369,18500,0.5256335847420331
370,18550,0.5256303042708997
371,18600,0.5250376072127675
372,18650,0.5254790268242763
373,18700,0.525207919223631
374,18750,0.5244621735945052
375,18800,0.5238542992508473
376,18850,0.5239057327813653
377,18900,0.5233028934277634
378,18950,0.522266557528325
379,19000,0.5218614074894055
380,19050,0.5213542039576206
381,19100,0.5220317300662359
382,19150,0.5219040493312801
383,19200,0.5219488157975769
384,19250,0.5218552596361966
385,19300,0.521420904844341
386,19350,0.5205761336605202
387,19400,0.5209264061749023
388,19450,0.5211812552608539
389,19500,0.522007301085719
390,19550,0.5218709324721789
391,19600,0.522475639791004
392,19650,0.5224870891991481
393,19700,0.5216097609523026
394,19750,0.5212401368335807
395,19800,0.5206642632542667
396,19850,0.5206468306172292
397,19900,0.5204323696081344
398,19950,0.5197151915441053
399,20000,0.5189505299385873
400,20050,0.5190917695091238
401,20100,0.5187811358756529
402,20150,0.5177498891998296
403,20200,0.5175724114293914
404,20250,0.5172267568891294
405,20300,0.5171861526416959
406,20350,0.5171631557357705
407,20400,0.51681105427068
408,20450,0.5160846738867713
409,20500,0.5156393652415228
410,20550,0.5156484252220943
411,20600,0.51522581384069
412,20650,0.5148726476344356
413,20700,0.5159344457074898
414,20750,0.5156670838933456
415,20800,0.5159816910255568
416,20850,0.5158987892335851
417,20900,0.5159564758786287
418,20950,0.5158822417919254
419,21000,0.5162867057279337
420,21050,0.5161164221582503
421,21100,0.5163560127682414
422,21150,0.5168364762441653
423,21200,0.5171029644100451
424,21250,0.516997427757056
425,21300,0.5163445386518707
426,21350,0.5165481594669106
427,21400,0.5168607753731819
428,21450,0.5161601453528112
429,21500,0.516212117171049
430,21550,0.5159316774292301
431,21600,0.515071427487496
432,21650,0.5150254759283731
433,21700,0.5154302258685379
434,21750,0.5153458005273333
435,21800,0.5155887834404913
436,21850,0.5155873650790898
437,21900,0.5154142065297902
438,21950,0.5162023922944204
439,22000,0.5160980469610669
440,22050,0.515951732334346
441,22100,0.5161255706048962
442,22150,0.5157627838982395
443,22200,0.5158708759025312
444,22250,0.5157321983766027
445,22300,0.5161110734668624
446,22350,0.5157004770560293
447,22400,0.515431728280528
448,22450,0.5148869628657684
449,22500,0.5145965848852846
450,22550,0.5147027160675521
451,22600,0.5159150874350016
452,22650,0.5161235063064902
453,22700,0.5163650242225726
454,22750,0.5168198287332706
455,22800,0.5170587220308467
456,22850,0.5168135403796048
457,22900,0.5175840479180109
458,22950,0.5173809644343667
459,23000,0.5168895388448042
460,23050,0.517702366357074
461,23100,0.5172956898728641
462,23150,0.5174057714823834
463,23200,0.5172607063728675
464,23250,0.5174298355521146
465,23300,0.5186187550422588
466,23350,0.5193335868831916
467,23400,0.519994125776396
468,23450,0.520010624783853
469,23500,0.520305678205857
470,23550,0.5199274746831565
471,23600,0.5198664505697949
472,23650,0.5202720958762942
473,23700,0.5201855987815144
474,23750,0.5202613194123383
475,23800,0.5202105496137347
476,23850,0.5196306068248194
477,23900,0.51920786158693
478,23950,0.5185787321486446
479,24000,0.5187189407738819
480,24050,0.5183925862643062
481,24100,0.5189493142681989
482,24150,0.5189223803775432
483,24200,0.5191165932308034
484,24250,0.5195027277102889
485,24300,0.5198790863449351
486,24350,0.5200808360116576
487,24400,0.5197559389277223
488,24450,0.5194763348553892
489,24500,0.5194915534333181
490,24550,0.5194865016988509
491,24600,0.5194597529765581
492,24650,0.5203517094757474
493,24700,0.5199881422413057
494,24750,0.5202805948759834
495,24800,0.520433802087712
496,24850,0.521598100410576
497,24900,0.5226761656982809
498,24950,0.5224547764701191
499,25000,0.5220495918801771
500,25050,0.5223829372908054
501,25100,0.5226118178664978
502,25150,0.5232101198426754
503,25200,0.5230902990842328
504,25250,0.5229920809495533
505,25300,0.5231302175105256
506,25350,0.5227588210058657
507,25400,0.5232872529296644
508,25450,0.5233128289541749
509,25500,0.5227774468185036
510,25550,0.522858390262338
511,25600,0.523021018809447
512,25650,0.5229756239338896
513,25700,0.5235791440631016
514,25750,0.523169616097033
515,25800,0.5230548566870553
516,25850,0.5231735155241237
517,25900,0.523029256321264
518,25950,0.5228486079061812
519,26000,0.5230333833180837
520,26050,0.5226819502090649
521,26100,0.522785533396387
522,26150,0.522983638609075
523,26200,0.5234395020038184
524,26250,0.5238542590627662
525,26300,0.5241979875363836
526,26350,0.5240759745482475
527,26400,0.5234273767920729
528,26450,0.523106127345655
529,26500,0.5235691195385777
530,26550,0.5238779360806154
531,26600,0.5237725051179511
532,26650,0.523674681833175
533,26700,0.5232140721008991
534,26750,0.522917910205544
535,26800,0.5241159342063463
536,26850,0.5242834442670552
537,26900,0.5243835675098848
538,26950,0.5243945110803733
539,27000,0.5245422457526073
540,27050,0.5248611984219512
541,27100,0.5250944598977338
542,27150,0.525216876805444
543,27200,0.5254125582666721
544,27250,0.5257747992738764
545,27300,0.5262411771452903
546,27350,0.5262045070692218
547,27400,0.5272460942642688
548,27450,0.5275286711073481
549,27500,0.5277510209131349
550,27550,0.5273264243709442
551,27600,0.5270692228705564
552,27650,0.526809491672382
553,27700,0.5264856527307068
554,27750,0.5262898531757305
555,27800,0.5262892986100184
556,27850,0.5265590120097186
557,27900,0.5266013232923243
558,27950,0.5264729608825754
559,28000,0.5266788356084647
560,28050,0.5266036311282242
561,28100,0.5265308624921327
562,28150,0.5270823032188566
563,28200,0.526756914808903
564,28250,0.5270214391412139
565,28300,0.5269614022532745
566,28350,0.5276785771037871
567,28400,0.5273600190754969
568,28450,0.5277057648779658
569,28500,0.5278538645464282
570,28550,0.5278205451706479
571,28600,0.5276854189400028
572,28650,0.5278554897379141
573,28700,0.5284425524731626
574,28750,0.5286387235824462
575,28800,0.5284571839071492
576,28850,0.528281415393011
577,28900,0.5286532787771502
578,28950,0.5281151715605896
579,29000,0.5278529099524255
580,29050,0.5279690121801226
581,29100,0.5276848044161756
582,29150,0.5281282997891622
583,29200,0.5280076180777532
584,29250,0.5286241854831172
585,29300,0.5283858081460839
586,29350,0.5286365261026083
587,29400,0.5282732158797883
588,29450,0.5283132116718307
589,29500,0.527929235585976
590,29550,0.528233048121644
591,29600,0.5286349008786622
592,29650,0.528596548191399
593,29700,0.5292450535296246
594,29750,0.529350205395221
595,29800,0.5295043186884887
596,29850,0.5298318111575615
597,29900,0.5298221576944158
598,29950,0.5298332763347301
599,30000,0.5294983314311226
600,30050,0.5288910099892785
601,30100,0.5283898787370453
602,30150,0.5281979095554725
603,30200,0.5281895751438134
604,30250,0.5283034412091892
605,30300,0.5288378123458267
606,30350,0.5289122228639255
607,30400,0.5290577428172024
608,30450,0.5293528248015216
609,30500,0.5299156385254354
610,30550,0.5296201933130484
611,30600,0.5290164348385992
612,30650,0.5285438164242513
613,30700,0.5285210843186843
614,30750,0.5287617164903797
615,30800,0.5293247701919288
616,30850,0.5294267148286588
617,30900,0.5291514710755915
618,30950,0.5294129557198803
619,31000,0.5297316853630911
620,31050,0.5302572455187863
621,31100,0.5304074292975135
622,31150,0.5300132497754341
623,31200,0.5298184141622052
624,31250,0.5294345995750034
625,31300,0.5294877756856113
626,31350,0.5300411576098281
627,31400,0.530173272099456
628,31450,0.5299745627530723
629,31500,0.5297129045951248
630,31550,0.5295960386376799
631,31600,0.5293419657025445
632,31650,0.5292503028164505
633,31700,0.5297691418709168
634,31750,0.5298913218292672
635,31800,0.5301983442953541
636,31850,0.5311922501683187
637,31900,0.5314360526244712
638,31950,0.5311666601551671
639,32000,0.5310142985411985
640,32050,0.5307952714251133
641,32100,0.5307980043752425
642,32150,0.5313722149239939
643,32200,0.5315603419911189
644,32250,0.5311668733467357
645,32300,0.5312576717551855
646,32350,0.5310117387817841
647,32400,0.5308120559702239
648,32450,0.5309110199365081
649,32500,0.5313146373713525
650,32550,0.5312520014332548
651,32600,0.5311174611374663
652,32650,0.5312636343240622
653,32700,0.5311718886994379
654,32750,0.5313447108331028
655,32800,0.5310070928184049
656,32850,0.5306558198567262
657,32900,0.5304556115468732
658,32950,0.5303740051695349
659,33000,0.5303633785646392
660,33050,0.5304413100433321
661,33100,0.5303328850977483
662,33150,0.5302152896135144
663,33200,0.530553493731416
664,33250,0.5303536728155195
665,33300,0.5298044575895148
666,33350,0.529995261272309
667,33400,0.5295477807916942
668,33450,0.5290432624516146
669,33500,0.5290895581018701
670,33550,0.5289921637308115
671,33600,0.5294381058144974
672,33650,0.5290659930684871
673,33700,0.5287912439077687
674,33750,0.5290227039107248
675,33800,0.529073810532336
676,33850,0.528681035540266
677,33900,0.5290413595629467
678,33950,0.5293259867671486
679,34000,0.5289398019643087
680,34050,0.5289662459493277
681,34100,0.5293919476243787
682,34150,0.5294577657226884
683,34200,0.5295030204059882
684,34250,0.5297313468600229
685,34300,0.5301772318647319
686,34350,0.5303724379984652
687,34400,0.530116698308305
688,34450,0.5301531455144117
689,34500,0.5301008596933333
690,34550,0.5302745605484482
691,34600,0.5307490789506175
692,34650,0.5310344604283629
693,34700,0.5312174686117186
694,34750,0.5312763350659377
695,34800,0.530936102044772
696,34850,0.5312144360526038
697,34900,0.5311088218912455
698,34950,0.5313975958315682
699,35000,0.5314199685033024
700,35050,0.5317123969160841
701,35100,0.5315896960746485
702,35150,0.5316332639081643
703,35200,0.5313476574961731
704,35250,0.5314095998023474
705,35300,0.5312312283791836
706,35350,0.5307655089644532
707,35400,0.530807772263206
708,35450,0.5310924451711361
709,35500,0.5312039613677928
710,35550,0.5317628819980734
711,35600,0.5311465620504353
712,35650,0.5310676552266735
713,35700,0.5304955170495591
714,35750,0.5307312943063466
715,35800,0.5305798722558476
716,35850,0.5306437722779954
717,35900,0.531041473262073
718,35950,0.5313919103059036
719,36000,0.5313540641132184
720,36050,0.5315071755515952
721,36100,0.5313612630764736
722,36150,0.5313367253425261
723,36200,0.5313612027158037
724,36250,0.5311806393599768
725,36300,0.5313050944084897
726,36350,0.5315080994049393
727,36400,0.5315953009456867
728,36450,0.5318046666695078
729,36500,0.53163407241351
730,36550,0.5316826387591862
731,36600,0.532268912942738
732,36650,0.5322773470274613
733,36700,0.5323858611406685
734,36750,0.5324726018247102
735,36800,0.5320531298174735
736,36850,0.5318736415928923
737,36900,0.5319727322759014
738,36950,0.5317227205422248
739,37000,0.5315930318917717
740,37050,0.5314470814476369
741,37100,0.5312928768612463
742,37150,0.5313748619008435
743,37200,0.531614865197089
744,37250,0.53168377601036
745,37300,0.5316675772359868
746,37350,0.5313768893784533
747,37400,0.5315552898320846
748,37450,0.5312906438628815
749,37500,0.5309299865182857
750,37550,0.531200222110042
751,37600,0.5308583395900963
752,37650,0.5304660379994528
753,37700,0.5304393609320956
754,37750,0.5302041938130216
755,37800,0.5299460179117509
756,37850,0.5302277723868483
757,37900,0.5301459073198402
758,37950,0.5304314771701919
759,38000,0.5302144363296062
760,38050,0.5302678235650786
761,38100,0.5300563531210878
762,38150,0.5298468023151887
763,38200,0.5300804234106787
764,38250,0.5304939127164056
765,38300,0.5306711653334126
766,38350,0.5308727676423747
767,38400,0.530665669110864
768,38450,0.5305009271604065
769,38500,0.5306560426788577
770,38550,0.5304319850377484
771,38600,0.5302907956403663
772,38650,0.5303182843119383
773,38700,0.5298650328456297
774,38750,0.5297665246483502
775,38800,0.5300010434556456
776,38850,0.5298215986722375
777,38900,0.5299054804185989
778,38950,0.530006427031041
779,39000,0.530264234337027
780,39050,0.5303036722811024
781,39100,0.5304503208897454
782,39150,0.5305065461077578
783,39200,0.53004314046926
784,39250,0.5296096323651831
785,39300,0.5293327936975848
786,39350,0.5294670082199743
787,39400,0.5290705324024882
788,39450,0.529471678048005
789,39500,0.529974149449979
790,39550,0.5295557316916518
791,39600,0.5294591144909614
792,39650,0.5298856663515105
793,39700,0.5294455309295804
794,39750,0.5292977854428479
795,39800,0.5289842544379988
796,39850,0.5291394962558675
797,39900,0.5287887204893778
798,39950,0.5287977323915148
799,40000,0.5284097312986163
800,40050,0.5282436726183733
801,40100,0.5283036984291085
802,40150,0.5280518921098057
803,40200,0.5282764139151555
804,40250,0.5279239473682857
805,40300,0.527788304754225
806,40350,0.5283012158389492
807,40400,0.5286578714161664
808,40450,0.5289537866372801
809,40500,0.5291228064613861
810,40550,0.5293834981234881
811,40600,0.5291963427811736
812,40650,0.529010224084675
813,40700,0.5299122295688702
814,40750,0.5299192482826369
815,40800,0.5297342684472247
816,40850,0.5295251026650621
817,40900,0.5294697202629252
818,40950,0.529572465104208
819,41000,0.5301143556301178
820,41050,0.5303497611660812
821,41100,0.5302201681000375
822,41150,0.5301901496116304
823,41200,0.5302197216224035
824,41250,0.5298792329087868
825,41300,0.5296226149545372
826,41350,0.5297479162312548
827,41400,0.5293909332526994
828,41450,0.5292410033919538
829,41500,0.5290133564969813
830,41550,0.5286727624837261
831,41600,0.529178847167753
832,41650,0.5291371813060084
833,41700,0.5292766304422314
834,41750,0.5292938348369001
835,41800,0.528955606835437
836,41850,0.528949535819602
837,41900,0.5287695371578909
838,41950,0.5284563279338963
839,42000,0.528486951534278
840,42050,0.5285139613467011
841,42100,0.5286202164247501
842,42150,0.5284037257706837
843,42200,0.528363388127173
844,42250,0.5288165484561249
845,42300,0.5286832684292377
846,42350,0.5284116581606577
847,42400,0.5288664018041982
848,42450,0.5285086314400417
849,42500,0.5286911194350501
850,42550,0.5290038104588417
851,42600,0.5291515330978555
852,42650,0.5292322032272103
853,42700,0.5290835613937395
854,42750,0.5293722332654499
855,42800,0.5293296137098692
856,42850,0.5294013738935452
857,42900,0.5292537858273104
858,42950,0.5293085348055706
859,43000,0.5288546810346321
860,43050,0.5285769423490341
861,43100,0.5288594292143013
862,43150,0.5288385809174954
863,43200,0.5287526493607506
864,43250,0.5286911685561857
865,43300,0.5288804332003478
866,43350,0.5290309530798867
867,43400,0.5290909583051189
868,43450,0.5289416073558234
869,43500,0.5287181495132715
870,43550,0.5287367967239961
871,43600,0.528741966468412
872,43650,0.5285657713340975
873,43700,0.5287423106799685
874,43750,0.5289287041831344
875,43800,0.528999314375372
876,43850,0.528739241701052
877,43900,0.5287909331162448
878,43950,0.5286206241037947
879,44000,0.528769984604938
880,44050,0.5288262857446075
881,44100,0.528947019996541
882,44150,0.5291756611890288
883,44200,0.5295720779436903
884,44250,0.5292777426184617
885,44300,0.5294117829423008
886,44350,0.5297457844763244
887,44400,0.5299526180682156
888,44450,0.529942677691567
889,44500,0.5298681842661783
890,44550,0.5295997998092982
891,44600,0.5298692521082278
892,44650,0.5297417164970081
893,44700,0.5296473738591125
894,44750,0.5298075454185022
895,44800,0.5298543259863583
896,44850,0.5297665834580754
897,44900,0.5297025762303375
898,44950,0.5296872514851002
899,45000,0.5295262480805593
900,45050,0.5297985735538555
901,45100,0.5298989863012288
902,45150,0.5298328868973432
903,45200,0.5300920745725023
904,45250,0.5302318741648069
905,45300,0.5301700473987241
906,45350,0.5300248434355914
907,45400,0.5301845233814849
908,45450,0.5304476390613274
909,45500,0.5304516598558349
910,45550,0.5304180492738726
911,45600,0.5301648195773302
912,45650,0.5302547543664177
913,45700,0.5300977441314093
914,45750,0.5301944474321968
915,45800,0.5296633717077658
916,45850,0.5295113325117621
917,45900,0.5293882180538607
918,45950,0.5292756408711607
919,46000,0.5292275370218664
920,46050,0.5288043058103126
921,46100,0.5288070787169585
922,46150,0.5286326088686747
923,46200,0.5285258240623577
924,46250,0.5282090249156388
925,46300,0.5283691453595928
926,46350,0.5282049543643756
927,46400,0.5280474644270577
928,46450,0.5277707775220516
929,46500,0.5275061368781421
930,46550,0.5273697887868964
931,46600,0.5277766210398461
932,46650,0.5275424338169252
933,46700,0.5275861732958734
934,46750,0.5277746942950835
935,46800,0.5278628524754676
936,46850,0.5277161277275477
937,46900,0.5276039359187702
938,46950,0.5279566192575416
939,47000,0.5279291639921644
940,47050,0.527488335703345
941,47100,0.5278985636553803
942,47150,0.5280045879166194
943,47200,0.5278203995692617
944,47250,0.5276044444897174
945,47300,0.5276621129175266
946,47350,0.5275424182594661
947,47400,0.5277950688493452
948,47450,0.5279763115288822
949,47500,0.527691120696866
950,47550,0.5274599801311223
951,47600,0.5273101230985241
952,47650,0.5271741615381813
953,47700,0.5271233700960698
954,47750,0.5271338431955447
955,47800,0.5269002516404676
956,47850,0.5268630890292296
957,47900,0.5268316514828114
958,47950,0.5266728693285688
959,48000,0.5266537095940119
960,48050,0.5268025552500094
961,48100,0.5266916366963214
962,48150,0.5268856614013663
963,48200,0.5268911351996205
964,48250,0.5271524122648147
965,48300,0.5270721332312083
966,48350,0.5271447743586277
967,48400,0.5269209595577851
968,48450,0.5269229319976138
969,48500,0.5270300220773617
970,48550,0.5272080488754752
971,48600,0.5272717211385004
972,48650,0.5272806953470165
973,48700,0.5273773248021788
974,48750,0.527234914678886
975,48800,0.5271674389185232
976,48850,0.5271704701436646
977,48900,0.5274554126451317
978,48950,0.5273384539826108
979,49000,0.527715485130511
980,49050,0.5274408164683955
981,49100,0.5277146096524273
982,49150,0.5277610849056094
983,49200,0.5276719290540677
984,49250,0.5274487982695566
985,49300,0.5272643257266025
986,49350,0.5272958472379801
987,49400,0.5275113815480981
988,49450,0.527377503265493
989,49500,0.5274097057532906
990,49550,0.5278427626642263
991,49600,0.5279665743414778
992,49650,0.5282492312343144
993,49700,0.5282078574694372
994,49750,0.5281855811190466
995,49800,0.5280384491402713
996,49850,0.5282462108986272
997,49900,0.5288006206694345
998,49950,0.5288611658187835
999,50000,0.5289039235932871
1000,50050,0.5293803601897122
1001,50100,0.5292360192688011
1002,50150,0.5290882595400522
1003,50200,0.5290018630456192
1004,50250,0.5293837914584969
1005,50300,0.5300633124413996
1006,50350,0.5300679364257616
1007,50400,0.5298648813800158
1008,50450,0.5301942089441846
1009,50500,0.5304220986665816
1010,50550,0.5301451630483093
1011,50600,0.5305822343847691
1012,50650,0.5303144783911269
1013,50700,0.5301712767984784
1014,50750,0.5299142601357898
1015,50800,0.5296314183138603
1016,50850,0.5294906582890453
1017,50900,0.5296849424183628
1018,50950,0.5294419312249737
1019,51000,0.529452022230413
1020,51050,0.5295540568348288
1021,51100,0.5292601177235658
1022,51150,0.5289080848014142
1023,51200,0.5291502995178341
1024,51250,0.5290403321977207
1025,51300,0.529053065323128
1026,51350,0.5292157521362684
1027,51400,0.5290998960013583
1028,51450,0.5292514173873888
1029,51500,0.5291605103185834
1030,51550,0.5290877065341661
1031,51600,0.5288366855407873
1032,51650,0.5292338642947451
1033,51700,0.528961888590528
1034,51750,0.529425496673348
1035,51800,0.5293376000517983
1036,51850,0.5291974546231963
1037,51900,0.5290473062407419
1038,51950,0.529070068666012
1039,52000,0.5289782328628201
1040,52050,0.5289542224262935
1041,52100,0.5288094472458782
1042,52150,0.5286935188659505
1043,52200,0.5285086622488021
1044,52250,0.5288113873178849
1045,52300,0.528319232540019
1046,52350,0.5285773704139134
1047,52400,0.5287295385686868
1048,52450,0.5287553636874072
1049,52500,0.5289154866754191
1050,52550,0.5288147653447574
1051,52600,0.5288305770725547
1052,52650,0.5291029970907706
1053,52700,0.5289820104890597
1054,52750,0.5293160742702684
1055,52800,0.5293704884619159
1056,52850,0.5291094701249763
1057,52900,0.5290966655078493
1058,52950,0.5287606967889533
1059,53000,0.5286508739770935
1060,53050,0.5288127689130492
1061,53100,0.528778276513784
1062,53150,0.528839014829061
1063,53200,0.5284884594046142
1064,53250,0.5287031404530586
1065,53300,0.5286522966333306
1066,53350,0.5286347727177597
1067,53400,0.528664585253162
1068,53450,0.5288175669579336
1069,53500,0.5287338536682409
1070,53550,0.5288390277248964
1071,53600,0.5285565222098062
1072,53650,0.5285323185186318
1073,53700,0.5284702045740696
1074,53750,0.528304542662137
1075,53800,0.5282578589418855
1076,53850,0.5282778603995002
1077,53900,0.5282259367545257
1078,53950,0.5279695214420622
1079,54000,0.5278493829136575
1080,54050,0.5280335185754257
1081,54100,0.5276987982689735
1082,54150,0.527979634390949
1083,54200,0.5281856673570732
1084,54250,0.5284203074877826
1085,54300,0.5283103955890855
1086,54350,0.5280419276305806
1087,54400,0.5280234766778478
1088,54450,0.5281341460186635
1089,54500,0.528180938203631
1090,54550,0.5283927387737442
1091,54600,0.5286159216747902
1092,54650,0.5289753745894601
1093,54700,0.5293206253483695
1094,54750,0.5292491307759254
1095,54800,0.5293681867081089
1096,54850,0.5296806711209273
1097,54900,0.529884228140504
1098,54950,0.5296783599809222
1099,55000,0.5294201995135082
1100,55050,0.5292115130954508
1101,55100,0.5290613921304884
1102,55150,0.5289520981108381
1103,55200,0.5290748481526467
1104,55250,0.5293615214773371
1105,55300,0.5296432919510001
1106,55350,0.5295103725033408
1107,55400,0.5294337988062401
1108,55450,0.5296370731868079
1109,55500,0.5296983230791245
1110,55550,0.5298643589920468
1111,55600,0.5297484446074368
1112,55650,0.529715188475775
1113,55700,0.529566230905752
1114,55750,0.5297369775777393
1115,55800,0.5295505044200101
1116,55850,0.5295846003036294
1117,55900,0.5298088192855666
1118,55950,0.5298555370032215
1119,56000,0.5296082172668669
1120,56050,0.5296635430276273
1121,56100,0.5294150823201287
1122,56150,0.5293057768155732
1123,56200,0.5291892556322321
1124,56250,0.528995070479359
1125,56300,0.52875276750881
1126,56350,0.5286960234044019
1127,56400,0.528651559589623
1128,56450,0.5286518244260434
1129,56500,0.52858755638263
1130,56550,0.5286668467199678
1131,56600,0.5287577117859943
1132,56650,0.5288403469799251
1133,56700,0.5289305644877442
1134,56750,0.5286765827485784
1135,56800,0.5288896464818327
1136,56850,0.5288111981386335
1137,56900,0.528968942956797
1138,56950,0.5287556212179101
1139,57000,0.5287561592856548
1140,57050,0.5286108446666176
1141,57100,0.5284264679966282
1142,57150,0.5284030660325945
1143,57200,0.5281925673423402
1144,57250,0.5278046864254898
1145,57300,0.5281467539814293
1146,57350,0.5281954992661198
1147,57400,0.5279903240631653
1148,57450,0.5283100950046271
1149,57500,0.528134315398755
1150,57550,0.5279063698608465
1151,57600,0.5280195591473262
1152,57650,0.5280567694459383
1153,57700,0.5283462334972543
1154,57750,0.5283058547234794
1155,57800,0.5283490487693172
1156,57850,0.5281859267083787
1157,57900,0.5282778091282139
1158,57950,0.528310927527019
1159,58000,0.5283172840200389
1160,58050,0.5285597456449543
1161,58100,0.5282959243291521
1162,58150,0.528178515146108
1163,58200,0.5279674043119446
1164,58250,0.5279682587292305
1165,58300,0.5281739920585253
1166,58350,0.5282238207591695
1167,58400,0.528206055468782
1168,58450,0.5282480480932189
1169,58500,0.5283143617046524
1170,58550,0.5282366516541761
1171,58600,0.5279832626984872
1172,58650,0.5279299311399857
1173,58700,0.5278222760593613
1174,58750,0.5277708163656127
1175,58800,0.5276302829125669
1176,58850,0.5274669892609145
1177,58900,0.5271851517360968
1178,58950,0.527468719612518
1179,59000,0.5274160180484806
1180,59050,0.5273113534645796
1181,59100,0.5271269085620878
1182,59150,0.5271586766943349
1183,59200,0.5271511021857801
1184,59250,0.5273568610671837
1185,59300,0.5274610425048751
1186,59350,0.527516778478402
1187,59400,0.5274318496236449
1188,59450,0.5272357391181282
1189,59500,0.5272095071339681
1190,59550,0.5270822622228979
1191,59600,0.5268824357571601
1192,59650,0.5267182059192833
1193,59700,0.5266754007768238
1194,59750,0.5265348661195158
1195,59800,0.5264832148412895
1196,59850,0.5262975326572209
1197,59900,0.5262841594661655
1198,59950,0.5262906007143252
1199,60000,0.5263012541591449
1200,60050,0.5261998326657636
1201,60100,0.5261796401206092
1202,60150,0.5263175849372073
1203,60200,0.5262077863310749
1204,60250,0.5261198987580197
1205,60300,0.526422990902136
1206,60350,0.5260785540975031
1207,60400,0.5258986345308934
1208,60450,0.5258320510286577
1209,60500,0.5260453907974733
1210,60550,0.5259546902198209
1211,60600,0.5257544884225963
1212,60650,0.5257980198605079
1213,60700,0.525622202846948
1214,60750,0.5257616812167956
1215,60800,0.525899331009225
1216,60850,0.5260315069180965
1217,60900,0.5260264804635201
1218,60950,0.5264066758246421
1219,61000,0.5262193415384759
1220,61050,0.5264739391688311
1221,61100,0.5264141670248595
1222,61150,0.5261957873742237
1223,61200,0.5261122515642503
1224,61250,0.526359803186636
1225,61300,0.5265681458691267
1226,61350,0.526647817953807
1227,61400,0.5266136442160929
1228,61450,0.5265623917281537
1229,61500,0.5264292191898061
1230,61550,0.5265762073244075
1231,61600,0.5265273163230907
1232,61650,0.5263911362782514
1233,61700,0.526185116981722
1234,61750,0.5265195242190789
1235,61800,0.5263555347337587
1236,61850,0.526548109420092
1237,61900,0.5267709079852355
1238,61950,0.5268054858308243
1239,62000,0.526760146518645
1240,62050,0.5266622551150648
1241,62100,0.5266104139128547
1242,62150,0.5268248043827586
1243,62200,0.5267646514777987
1244,62250,0.5269998018471835
1245,62300,0.5271603669873944
1246,62350,0.5270791263538881
1247,62400,0.5272517055518828
1248,62450,0.5272222408145704
1249,62500,0.5273351471931728
1250,62550,0.5271920033347096
1251,62600,0.5270903964849948
1252,62650,0.527108272781618
1253,62700,0.5269632961564964
1254,62750,0.5269512231821106
1255,62800,0.5270112266001892
1256,62850,0.5269712626660241
1257,62900,0.526797979352811
1258,62950,0.5269120985964896
1259,63000,0.5269525157701059
1260,63050,0.5268582473573302
1261,63100,0.5270628577349515
1262,63150,0.5272717053253333
1263,63200,0.5274095374786548
1264,63250,0.5273092840122217
1265,63300,0.5275143185001852
1266,63350,0.527702299145298
1267,63400,0.5278381473768198
1268,63450,0.5277986848743834
1269,63500,0.5276847866566386
1270,63550,0.5275132207567311
1271,63600,0.5276939978988231
1272,63650,0.5274886644025301
1273,63700,0.5274390108968238
1274,63750,0.5274211888475562
1275,63800,0.527530729777457
1276,63850,0.5274263059815819
1277,63900,0.5274425404255905
1278,63950,0.5273608988576556
1279,64000,0.5273702891781527
1280,64050,0.5271636796476693
1281,64100,0.5273871220941095
1282,64150,0.527161589955086
1283,64200,0.5272795094769838
1284,64250,0.5270822881513969
1285,64300,0.5271700804301285
1286,64350,0.5270384227050531
1287,64400,0.5270739506651139
1288,64450,0.5269092149071307
1289,64500,0.5268242257570951
1290,64550,0.5269198550183618
1291,64600,0.5269287064443708
1292,64650,0.5270950662893358
1293,64700,0.5269945430013603
1294,64750,0.5270230190886792
1295,64800,0.5269212303524711
1296,64850,0.5272940252418289
1297,64900,0.5272326874729966
1298,64950,0.5273910766097097
1299,65000,0.5275373796625334
1300,65050,0.5276408854884951
1301,65100,0.5275469672088345
1302,65150,0.5274087423760145
1303,65200,0.5272686990710393
1304,65250,0.5271268687033054
1305,65300,0.5271893483631546
1306,65350,0.5270661788462623
1307,65400,0.5270736239734852
1308,65450,0.5272173686525359
1309,65500,0.5271272894633457
1310,65550,0.5273025021022081
1311,65600,0.5272203666113312
1312,65650,0.5272130946143522
1313,65700,0.5270319102575719
1314,65750,0.5271614033570149
1315,65800,0.5274831285909408
1316,65850,0.5271998339950493
1317,65900,0.5269738026821237
1318,65950,0.5266065981798091
1319,66000,0.5264927016576881
1320,66050,0.5267302618760064
1321,66100,0.5266832509170316
1322,66150,0.5266015212152918
1323,66200,0.5268527453006666
1324,66250,0.5268064172779181
1325,66300,0.5269390519691444
1326,66350,0.5270088174586377
1327,66400,0.5268097360707706
1328,66450,0.5269694604179639
1329,66500,0.5269964016404098
1330,66550,0.5270107332221601
1331,66600,0.5271207355893155
1332,66650,0.5271968333145792
1333,66700,0.5270380689323261
1334,66750,0.5267935772321203
1335,66800,0.5269379756724382
1336,66850,0.5270466402762872
1337,66900,0.5270841710663238
1338,66950,0.5271111371828469
1339,67000,0.5273645338641904
1340,67050,0.5275051220885575
1341,67100,0.5276899474083242
1342,67150,0.5276090329583646
1343,67200,0.5276900234668539
1344,67250,0.5277352312788497
1345,67300,0.5277301145245555
1346,67350,0.5276643889952584
1347,67400,0.527558931829979
1348,67450,0.5276089000833578
1349,67500,0.5276302422019654
1350,67550,0.5276070252393152
1351,67600,0.5273769125999983
1352,67650,0.527448491435093
1353,67700,0.5275796129610184
1354,67750,0.5278520001535908
1355,67800,0.5278767421246163
1356,67850,0.5282644322196033
1357,67900,0.5281536726931111
1358,67950,0.5280305436050816
1359,68000,0.5279700280693465
1360,68050,0.5277475689251069
1361,68100,0.5278883344530798
1362,68150,0.5277895666902906
1363,68200,0.5277128784203304
1364,68250,0.5276355875578045
1365,68300,0.5279055349267436
1366,68350,0.527990141713705
1367,68400,0.5281594091688402
1368,68450,0.5282091632114134
1369,68500,0.5283976184190201
1370,68550,0.5282681522278857
1371,68600,0.5282341431987411
1372,68650,0.5283033293450222
1373,68700,0.5282734634916367
1374,68750,0.5284949369457196
1375,68800,0.5283610922651805
1376,68850,0.52841270425959
1377,68900,0.5284269064839591
1378,68950,0.5283126532941066
1379,69000,0.528166831867213
1380,69050,0.5282153012914839
1381,69100,0.5278652296228018
1382,69150,0.5279292574283896
1383,69200,0.5280601844617769
1384,69250,0.528012525126996
1385,69300,0.5278644758269925
1386,69350,0.527850687727759
1387,69400,0.5281103528263467
1388,69450,0.5282495230567831
1389,69500,0.5285515576039708
1390,69550,0.528450353168897
1391,69600,0.528434912080277
1392,69650,0.5282004043728407
1393,69700,0.5280975301759168
1394,69750,0.528129948422908
1395,69800,0.5283668811297746
1396,69850,0.528420832842509
1397,69900,0.5284594611799664
1398,69950,0.528510436744962
1399,70000,0.5283086161583329
1400,70050,0.5280786542762345
1401,70100,0.5281637548405141
1402,70150,0.5281770612941894
1403,70200,0.5284827503176082
1404,70250,0.5286740411341221
1405,70300,0.5284729016208531
1406,70350,0.5283996345963408
1407,70400,0.5284369649806451
1408,70450,0.5283175253709375
1409,70500,0.5282483856208909
1410,70550,0.5281794822735036
1411,70600,0.5279227822429539
1412,70650,0.5279908831748358
1413,70700,0.5279091960954378
1414,70750,0.5279922369104317
1415,70800,0.5278190783410913
1416,70850,0.5277326039104774
1417,70900,0.5276473859023376
1418,70950,0.5277277328437714
1419,71000,0.5277035783285546
1420,71050,0.5273667237709244
1421,71100,0.5272747581150078
1422,71150,0.5274897986303723
1423,71200,0.5274409237838958
1424,71250,0.527496974365416
1425,71300,0.5273701484542048
1426,71350,0.5271599474696766
1427,71400,0.527137176543483
1428,71450,0.5271842558132427
1429,71500,0.5272762381839305
1430,71550,0.5273181529447528
1431,71600,0.5271864045664688
1432,71650,0.5271774588133633
1433,71700,0.5270822513734426
1434,71750,0.5270438217402759
1435,71800,0.5269042475819122
1436,71850,0.5268630700304598
1437,71900,0.5268342758983307
1438,71950,0.5270598913073932
1439,72000,0.5272286765461143
1440,72050,0.5271779610977376
1441,72100,0.5270128442341062
1442,72150,0.5271174824253363
1443,72200,0.5269943336889129
1444,72250,0.5270041188257358
1445,72300,0.526865499805444
1446,72350,0.5267520685037725
1447,72400,0.5267167167701734
1448,72450,0.5266190458193692
1449,72500,0.526491233679585
1450,72550,0.5265613274177323
1451,72600,0.5264240511824426
1452,72650,0.526487562665674
1453,72700,0.5263606509852358
1454,72750,0.5263938529210238
1455,72800,0.5264001321995755
1456,72850,0.5262080057762463
1457,72900,0.5261836239041038
1458,72950,0.5261611375148049
1459,73000,0.5262217158541029
1460,73050,0.52612705897613
1461,73100,0.5261220487354746
1462,73150,0.526275684570068
1463,73200,0.5262827032546731
1464,73250,0.5264010005460595
1465,73300,0.5262584291757386
1466,73350,0.5262782170065489
1467,73400,0.5260609337151481
1468,73450,0.5258406057445355
1469,73500,0.5258703276118208
1470,73550,0.5260659686400755
1471,73600,0.5258111700289436
1472,73650,0.5258056249724474
1473,73700,0.5257439985669414
1474,73750,0.5256949817764249
1475,73800,0.5256690082750114
1476,73850,0.525868322104405
1477,73900,0.5257956344946257
1478,73950,0.5258009082040574
1479,74000,0.5258725017988547
1480,74050,0.5258938754283065
1481,74100,0.5259789450995062
1482,74150,0.5258845353157432
1483,74200,0.5259347549945962
1484,74250,0.5263147719277151
1485,74300,0.5261751847291611
1486,74350,0.5261333345413544
1487,74400,0.5258574629876267
1488,74450,0.5259604136986475
1489,74500,0.5260847618721274
1490,74550,0.5261676654989099
1491,74600,0.5263930919075284
1492,74650,0.5263721952841015
1493,74700,0.5264815528802265
1494,74750,0.5263186828018961
1495,74800,0.5264828654918076
1496,74850,0.5266458533760014
1497,74900,0.5267767514414649
1498,74950,0.5268303872131865
1499,75000,0.5268159801149743
1500,75050,0.5267955404336202
1501,75100,0.5266302879873146
1502,75150,0.5267418999703526
1503,75200,0.5268647858420537
1504,75250,0.5269352522302367
1505,75300,0.5268464921412126
1506,75350,0.526747141676162
1507,75400,0.5268664087272259
1508,75450,0.5268722793197386
1509,75500,0.5267091079056047
1510,75550,0.5266265252414906
1511,75600,0.5264936167956625
1512,75650,0.5264614196348285
1513,75700,0.5264510488705852
1514,75750,0.5266507993131938
1515,75800,0.5266366708096144
1516,75850,0.526399051046346
1517,75900,0.5262916844533734
1518,75950,0.5263445011207029
1519,76000,0.5263758961304181
1520,76050,0.5263531509377151
1521,76100,0.5261996888735527
1522,76150,0.5259610473860441
1523,76200,0.5257295955339937
1524,76250,0.5256296836987472
1525,76300,0.5254467611111389
1526,76350,0.5254141434484015
1527,76400,0.5256111596738597
1528,76450,0.525492544852374
1529,76500,0.5255701895548109
1530,76550,0.5256792576525597
1531,76600,0.5257558933846708
1532,76650,0.5257299991342493
1533,76700,0.525881594121921
1534,76750,0.5258246048306301
1535,76800,0.5259623216638228
1536,76850,0.525801047361528
1537,76900,0.5257714289557507
1538,76950,0.525796988669709
1539,77000,0.5256386748890491
1540,77050,0.5255567326075545
1541,77100,0.5254633455156995
1542,77150,0.5252524322516693
1543,77200,0.5252538048840104
1544,77250,0.5252260975782814
1545,77300,0.5251010030129825
1546,77350,0.5251008243667141
1547,77400,0.5250130330244269
1548,77450,0.5250188414931062
1549,77500,0.5250888416274933
1550,77550,0.5250733722897355
1551,77600,0.5249679406444712
1552,77650,0.5249052896999349
1553,77700,0.5248677440601135
1554,77750,0.5248920227711295
1555,77800,0.5247284655514338
1556,77850,0.5245780136005618
1557,77900,0.5246550039143254
1558,77950,0.5245691146908273
1559,78000,0.5244571091375999
1560,78050,0.5243012220063515
1561,78100,0.5242883964546285
1562,78150,0.5243164726345324
1563,78200,0.5243801907058728
1564,78250,0.5242667977448988
1565,78300,0.5242065135967203
1566,78350,0.5240823340051073
1567,78400,0.5242346250083206
1568,78450,0.5243378306907807
1569,78500,0.5244924832716458
1570,78550,0.5243876750179589
1571,78600,0.5242737141220747
1572,78650,0.5244945730653543
1573,78700,0.5246513027059304
1574,78750,0.5245223299898263
1575,78800,0.5244022955434016
1576,78850,0.5242363046820471
1577,78900,0.5240856364410927
1578,78950,0.5239661183536528
1579,79000,0.5239232234272226
1580,79050,0.523960290538593
1581,79100,0.5241999879485517
1582,79150,0.5245466346716808
1583,79200,0.5246059627773638
1584,79250,0.5248895050351683
1585,79300,0.5248163776378502
1586,79350,0.524905027418677
1587,79400,0.5248941138560386
1588,79450,0.5248068972066157
1589,79500,0.5248043737974147
1590,79550,0.5246677189889807
1591,79600,0.5246290464475917
1592,79650,0.5246992565550125
1593,79700,0.5250941385379689
1594,79750,0.5249157679571136
1595,79800,0.5248397145431124
1596,79850,0.5247006229901333
1597,79900,0.5246546270137918
1598,79950,0.524727034569861
1599,80000,0.524878785881222
1600,80050,0.524743291064817
1601,80100,0.5247378642911334
1602,80150,0.5245723499124737
1603,80200,0.5245583271230215
1604,80250,0.5246321917126135
1605,80300,0.5246014991555717
1606,80350,0.524710248152489
1607,80400,0.5245567134990065
1608,80450,0.5244326285240889
1609,80500,0.5243569652282771
1610,80550,0.5243085561527382
1611,80600,0.524169428973512
1612,80650,0.5243425635833187
1613,80700,0.5242563128144776
1614,80750,0.524182341112835
1615,80800,0.5241982049546698
1616,80850,0.5241896842325366
1617,80900,0.5241730472904716
1618,80950,0.5243852172211699
1619,81000,0.5242571774115286
1620,81050,0.5240961798742089
1621,81100,0.5242330360253404
1622,81150,0.5242205229896976
1623,81200,0.5240277905584925
1624,81250,0.5241569273222931
1625,81300,0.5241304064762152
1626,81350,0.5242651695809707
1627,81400,0.5242483544182532
1628,81450,0.5244806066682678
1629,81500,0.5243452025129661
1630,81550,0.5242385775234544
1631,81600,0.5242879430459136
1632,81650,0.5241922886974932
1633,81700,0.5242171411391905
1634,81750,0.5241325317816504
1635,81800,0.5244197244937122
1636,81850,0.5242639678051559
1637,81900,0.5242649858808062
1638,81950,0.5242671013486585
1639,82000,0.5241237069549053
1640,82050,0.5240188322401307
1641,82100,0.5239660170913999
1642,82150,0.5240890101392003
1643,82200,0.5238398025988478
1644,82250,0.524038549642866
1645,82300,0.52406741713934
1646,82350,0.52403608809087
1647,82400,0.5242119038720471
1648,82450,0.5243987586510052
1649,82500,0.5243611906243026
1650,82550,0.5243450617954535
1651,82600,0.5242637408138101
1652,82650,0.5243298368743325
1653,82700,0.524247056362568
1654,82750,0.5243393163816547
1655,82800,0.524672829450396
1656,82850,0.5247011447789522
1657,82900,0.5246828985483073
1658,82950,0.5246350822570934
1659,83000,0.5247175972836245
1660,83050,0.5246401509130502
1661,83100,0.524582519129736
1662,83150,0.5245635598904517
1663,83200,0.5246357491274639
1664,83250,0.5245989709066942
1665,83300,0.5244858338398343
1666,83350,0.5243897320911247
1667,83400,0.5245441544110376
1668,83450,0.5245934520321714
1669,83500,0.5245657299870081
1670,83550,0.5244046706831991
1671,83600,0.5242674859462589
1672,83650,0.5246208193277825
1673,83700,0.5247657168670713
1674,83750,0.5246664030704032
1675,83800,0.5245960239350983
1676,83850,0.5244534863705715
1677,83900,0.5244882401215561
1678,83950,0.5245395120502986
1679,84000,0.5244102163280348
1680,84050,0.5244585522576715
1681,84100,0.5244434386612772
1682,84150,0.5244262019583599
1683,84200,0.524680866307128
1684,84250,0.5247369336162482
1685,84300,0.5248103741643473
1686,84350,0.524891945092046
1687,84400,0.5248928873233143
1688,84450,0.5249375119831906
1689,84500,0.5250016308653134
1690,84550,0.5252279697928568
1691,84600,0.5252000622382131
1692,84650,0.5252571296777597
1693,84700,0.5256801581570666
1694,84750,0.5255953453970628
1695,84800,0.5255961939917504
1696,84850,0.5255760144842111
1697,84900,0.5256016447348607
1698,84950,0.5257860936374026
1699,85000,0.5258102553603725
1700,85050,0.5258753928939869
1701,85100,0.5257201032981098
1702,85150,0.5257276921472078
1703,85200,0.5256256519669706
1704,85250,0.5257133156161742
1705,85300,0.5258070836932214
1706,85350,0.5258484379794998
1707,85400,0.5258925453680724
1708,85450,0.5260792990306923
1709,85500,0.5260612267187725
1710,85550,0.5260844256621311
1711,85600,0.525863757114182
1712,85650,0.525842920148509
1713,85700,0.5261510039463566
1714,85750,0.5261234433549348
1715,85800,0.5262281069150049
1716,85850,0.5261345633661105
1717,85900,0.5261272614073383
1718,85950,0.5261691499867546
1719,86000,0.5260620986122746
1720,86050,0.526065713872335
1721,86100,0.526470984606307
1722,86150,0.5265388662592289
1723,86200,0.5264577515447173
1724,86250,0.5264185163170261
1725,86300,0.52638370508483
1726,86350,0.5263307565160483
1727,86400,0.5262326061028375
1728,86450,0.526279339106889
1729,86500,0.5263867625861327
1730,86550,0.5264468155235641
1731,86600,0.5263188444166879
1732,86650,0.5262987969054499
1733,86700,0.5264528120875039
1734,86750,0.5268709903664499
1735,86800,0.5268208107864241
1736,86850,0.5268919841245756
1737,86900,0.5270159212674329
1738,86950,0.5270481552025069
1739,87000,0.527016781854237
1740,87050,0.5271648164417468
1741,87100,0.5270116392095223
1742,87150,0.5270707160225879
1743,87200,0.5270454729623929
1744,87250,0.5270655297976461
1745,87300,0.5272280532341803
1746,87350,0.5272567955528582
1747,87400,0.5271600079489583
1748,87450,0.5271120884626144
1749,87500,0.5270409026812419
1750,87550,0.5270663592595939
1751,87600,0.527156975477724
1752,87650,0.5270917106843843
1753,87700,0.5270813354724031
1754,87750,0.5270994462413733
1755,87800,0.5271935181042259
1756,87850,0.5270413526632888
1757,87900,0.5269753611616167
1758,87950,0.5268914268435069
1759,88000,0.5269730933335246
1760,88050,0.527126245013686
1761,88100,0.5271511145636502
1762,88150,0.5273922448232861
1763,88200,0.5273795486836511
1764,88250,0.5277446013562295
1765,88300,0.5276777065089261
1766,88350,0.5274681358422069
1767,88400,0.5274527216555918
1768,88450,0.5274353870866414
1769,88500,0.5272820278405396
1770,88550,0.5272674585114847
1771,88600,0.5272478872097325
1772,88650,0.5270276328437294
1773,88700,0.5269693671160677
1774,88750,0.5271524114955495
1775,88800,0.5272665302950652
1776,88850,0.5272059696911058
1777,88900,0.5270736888457469
1778,88950,0.5272755462828396
1779,89000,0.5272046946195633
1780,89050,0.5272421600713315
1781,89100,0.527334747067446
1782,89150,0.5273216178065241
1783,89200,0.5272649317094561
1784,89250,0.5270971793464564
1785,89300,0.5270859926619537
1786,89350,0.5272064407499643
1787,89400,0.5272872080089698
1788,89450,0.5272937470975793
1789,89500,0.527110446724749
1790,89550,0.527160592958215
1791,89600,0.527075937683516
1792,89650,0.5272489240641679
1793,89700,0.5271698836146532
1794,89750,0.5271958722112069
1795,89800,0.5271372146741145
1796,89850,0.5272802111231639
1797,89900,0.5273075595999556
1798,89950,0.5273093447686918
1799,90000,0.5273025170560746
1800,90050,0.5274543660716443
1801,90100,0.5273609199102245
1802,90150,0.5272160701924311
1803,90200,0.5271305957777618
1804,90250,0.5272260920452524
1805,90300,0.5271416546805319
1806,90350,0.5273502365918491
1807,90400,0.527245301704106
1808,90450,0.5273243299693726
1809,90500,0.5272125724253699
1810,90550,0.5273204461176202
1811,90600,0.5271573773528508
1812,90650,0.5270316404181739
1813,90700,0.5271719530356859
1814,90750,0.5270219543251019
1815,90800,0.5270994771742493
1816,90850,0.5271932361286514
1817,90900,0.5271160129184413
1818,90950,0.5271697845645068
1819,91000,0.5269749934236522
1820,91050,0.5268693838464438
1821,91100,0.5268580856152099
1822,91150,0.5267644691016301
1823,91200,0.5269229647067055
1824,91250,0.5270218177401075
1825,91300,0.526944907571669
1826,91350,0.5272612081670104
1827,91400,0.527236338259215
1828,91450,0.527185874925664
1829,91500,0.5270721523690441
1830,91550,0.5268970154620827
1831,91600,0.5267943295899635
1832,91650,0.5267325330311071
1833,91700,0.5266926118477632
1834,91750,0.5267234772406494
1835,91800,0.5266125194006642
1836,91850,0.5266369612560752
1837,91900,0.5265487529755256
1838,91950,0.5264444878601039
1839,92000,0.5265032776269847
1840,92050,0.5267754619140308
1841,92100,0.5267462583644564
1842,92150,0.5267106595516841
1843,92200,0.52681916181522
1844,92250,0.526779302089854
1845,92300,0.5268392081836503
1846,92350,0.5267623895931469
1847,92400,0.5267561385399563
1848,92450,0.526804458404789
1849,92500,0.5267138991810051
1850,92550,0.5267136099893298
1851,92600,0.5266310865892239
1852,92650,0.5265884328574842
1853,92700,0.5265671133685349
1854,92750,0.5263490540906107
1855,92800,0.5264811067616897
1856,92850,0.5264118723226469
1857,92900,0.5262464491618822
1858,92950,0.5263296038540222
1859,93000,0.5262988259600849
1860,93050,0.5265845656315704
1861,93100,0.5265732618006389
1862,93150,0.5267193926690157
1863,93200,0.5266097162130681
1864,93250,0.5266883995505582
1865,93300,0.5266469590885333
1866,93350,0.5265782683715132
1867,93400,0.5266288384118667
1868,93450,0.5266567718241588
1869,93500,0.5266286638305598
1870,93550,0.5265856302991934
1871,93600,0.5265716037708685
1872,93650,0.5265532932878181
1873,93700,0.5264312861984901
1874,93750,0.5264979610953691
1875,93800,0.5264744885193713
1876,93850,0.526277405011246
1877,93900,0.5261010511243607
1878,93950,0.526018230917034
1879,94000,0.526132032340506
1880,94050,0.5259544408634166
1881,94100,0.525765649226721
1882,94150,0.525817262716705
1883,94200,0.525843457744025
1884,94250,0.5258282619663481
1885,94300,0.5258378222696557
1886,94350,0.5256987042738805
1887,94400,0.5257173525569978
1888,94450,0.5256961367210298
1889,94500,0.5256265208110686
1890,94550,0.5255340582828929
1891,94600,0.5253748522490937
1892,94650,0.5254449827881834
1893,94700,0.5255504953934818
1894,94750,0.5256186758146401
1895,94800,0.5256520401644178
1896,94850,0.5257516992510903
1897,94900,0.5256648361858104
1898,94950,0.5256596293270842
1899,95000,0.5256390659957292
1900,95050,0.5256641398340437
1901,95100,0.525642782489058
1902,95150,0.5255299957817627
1903,95200,0.5253744350777395
1904,95250,0.5254008857591272
1905,95300,0.5255028180934703
1906,95350,0.5253808064337072
1907,95400,0.5253318441393418
1908,95450,0.5253944841073789
1909,95500,0.5255600339997324
1910,95550,0.5254117396876962
1911,95600,0.5253172859821197
1912,95650,0.5254099350374449
1913,95700,0.5253314353505057
1914,95750,0.5251753477153401
1915,95800,0.5253188516419042
1916,95850,0.5254008597597936
1917,95900,0.5255374045414645
1918,95950,0.5255902968613074
1919,96000,0.5257455760851716
1920,96050,0.5255685941667266
1921,96100,0.5256240238407861
1922,96150,0.5254396834735143
1923,96200,0.5253431077627044
1924,96250,0.5251294241737681
1925,96300,0.5250299428274936
1926,96350,0.5251651467386005
1927,96400,0.5250827357355375
1928,96450,0.5250002790612536
1929,96500,0.5250941296964794
1930,96550,0.525071826374039
1931,96600,0.5250245183505814
1932,96650,0.5249493332049752
1933,96700,0.5249303543423979
1934,96750,0.5251061619254644
1935,96800,0.5250782867106926
1936,96850,0.525330325588505
1937,96900,0.5252450521724848
1938,96950,0.5250946060816806
1939,97000,0.5250808004390851
1940,97050,0.5250373425499054
1941,97100,0.5251057846506697
1942,97150,0.5250880112949508
1943,97200,0.5250249466861935
1944,97250,0.525011222368699
1945,97300,0.5250603802219255
1946,97350,0.524983575685628
1947,97400,0.5248746041328339
1948,97450,0.5248218812511205
1949,97500,0.5247542640983409
1950,97550,0.5249559089722466
1951,97600,0.5248625006965593
1952,97650,0.5249440537565149
1953,97700,0.5249590717970111
1954,97750,0.5250019248847979
1955,97800,0.5251042970317629
1956,97850,0.5252256998470846
1957,97900,0.525189499543364
1958,97950,0.5250799681003063
1959,98000,0.525068477556165
1960,98050,0.5250504492964313
1961,98100,0.5251403321755611
1962,98150,0.525080931433098
1963,98200,0.5251311489688338
1964,98250,0.5249831689251128
1965,98300,0.5249036652981561
1966,98350,0.5248415377436904
1967,98400,0.5248572964302408
1968,98450,0.5250733319073825
1969,98500,0.5251702176122002
1970,98550,0.5250987487456056
1971,98600,0.5253053520328557
1972,98650,0.5252680760335318
1973,98700,0.5252077077649143
1974,98750,0.5250911163005773
1975,98800,0.5249951325450944
1976,98850,0.5251117014536244
1977,98900,0.5250067503817919
1978,98950,0.5250741947159576
1979,99000,0.5250767207701301
1980,99050,0.5250866720098905
1981,99100,0.5251594873798927
1982,99150,0.5252067517221457
1983,99200,0.5254097699191633
1984,99250,0.5253911122126603
1985,99300,0.5254022476876985
1986,99350,0.52538087995186
1987,99400,0.525523522967185
1988,99450,0.5254792847882179
1989,99500,0.5255587587440191
1990,99550,0.5257047354522001
1991,99600,0.5258265267775667
1992,99650,0.525677947218614
1993,99700,0.5256650597547674
1994,99750,0.5256090227497572
1995,99800,0.5255927014314014
1996,99850,0.525613548741042
1997,99900,0.5254912762569489
1998,99950,0.5253888195772325
1999,100000,0.5253025662480836
